{
  "c": {
    "matches": 551,
    "rmse": 2.2665036448730187,
    "R": [
      [
        0.9999373713691693,
        -0.004356232245775035,
        0.01030905329972594
      ],
      [
        0.004580086585911492,
        0.9997520503949914,
        -0.02179129500227753
      ],
      [
        -0.01021156923206612,
        0.021837146600039065,
        0.9997093892137789
      ]
    ],
    "t": [
      -0.2827772917332183,
      0.2972634915436849,
      -1.6245037729688931
    ],
    "s": 1.0,
    "rpe": {
      "1": {
        "count": 550.0,
        "rmse": 2.436967032962651,
        "mean": 1.4779558064027487,
        "pstd": 1.937641595875561,
        "mean_dt": 1.0
      },
      "10": {
        "count": 541.0,
        "rmse": 2.0749474125191223,
        "mean": 1.3745949052302697,
        "pstd": 1.554315158272217,
        "mean_dt": 10.0
      },
      "50": {
        "count": 501.0,
        "rmse": 2.850686418995224,
        "mean": 2.3170993034640763,
        "pstd": 1.660561313932764,
        "mean_dt": 50.0
      }
    }
  },
  "b": {
    "matches": 519,
    "rmse": 0.899427851598673,
    "R": [
      [
        0.999852652935936,
        0.0023814593634788033,
        0.01700003141969193
      ],
      [
        -0.0012415615912509045,
        0.9977688988788045,
        -0.06675090227849058
      ],
      [
        -0.017121067191782864,
        0.0667199601429555,
        0.9976248372894172
      ]
    ],
    "t": [
      -0.9574731446725195,
      1.999969315975548,
      -1.1456899344176819
    ],
    "s": 1.0,
    "rpe": {
      "1": {
        "count": 518.0,
        "rmse": 0.41946232770517344,
        "mean": 0.18539971859080867,
        "pstd": 0.3762653169112073,
        "mean_dt": 1.0
      },
      "10": {
        "count": 509.0,
        "rmse": 0.6790935215131707,
        "mean": 0.5470101560471443,
        "pstd": 0.4024275091770414,
        "mean_dt": 10.0
      },
      "50": {
        "count": 469.0,
        "rmse": 1.1515796796003634,
        "mean": 1.0620111760797306,
        "pstd": 0.4452729728494897,
        "mean_dt": 50.0
      }
    }
  },
  "a": {
    "matches": 539,
    "rmse": 1.9120879505977575,
    "R": [
      [
        0.9999957477858353,
        0.0015639081517772675,
        0.002461422666093463
      ],
      [
        -0.0014121767401859297,
        0.9981682648790321,
        -0.06048240029328641
      ],
      [
        -0.0025515029106061467,
        0.06047866714533033,
        0.9981662289685128
      ]
    ],
    "t": [
      -0.15314959676354079,
      2.0559498180850113,
      -3.0388234259870615
    ],
    "s": 1.0,
    "rpe": {
      "1": {
        "count": 538.0,
        "rmse": 0.184513674407335,
        "mean": 0.12667606348478944,
        "pstd": 0.13415838022014737,
        "mean_dt": 1.0
      },
      "10": {
        "count": 529.0,
        "rmse": 1.0328851584664605,
        "mean": 0.8628150442785971,
        "pstd": 0.5678044997592099,
        "mean_dt": 10.0
      },
      "50": {
        "count": 489.0,
        "rmse": 2.4760499255676085,
        "mean": 2.0954202492475913,
        "pstd": 1.3191047012828514,
        "mean_dt": 50.0
      }
    }
  }
}