{
  "loop_closure_correction": {
    "count": 1463,
    "min": 0.013643504993524402,
    "max": 21.23455049598124,
    "mean": 5.921810186630374,
    "median": 5.593411972018657,
    "p90": 11.254932255594758,
    "p95": 13.579854800281463,
    "p99": 18.46231194798951,
    "stdev": 4.0657305514481274
  },
  "interface_correction": {
    "count": 4,
    "min": 18.627108782995492,
    "max": 31.561981145991012,
    "mean": 24.18858250449557,
    "median": 23.28262004449789,
    "p90": 29.087258135393494,
    "p95": 30.324619640692248,
    "p99": 31.314508844931257,
    "stdev": 4.662090939935084
  },
  "loop_closure_correction_stabilised": {
    "count": 0
  },
  "loop_closure_correction_stabilised_params": {
    "epsilon": 0.001,
    "required": 5
  },
  "interface_correction_stabilised": {
    "count": 0
  },
  "interface_correction_stabilised_params": {
    "epsilon": 0.001,
    "required": 5
  },
  "time_to_global_convergence_s": 548.3803462982178,
  "time_to_global_convergence_method": "last_map_broadcast",
  "timeline_start_ts": 1762705366.0146163,
  "timeline_end_ts": 1762705914.3949625,
  "delivery_topics": {
    "/cosmo/factor_batch/d": {
      "attempts": 2505.0,
      "drops": 0.0,
      "delivered": 2505.0,
      "delivery_rate": 1.0
    },
    "/cosmo/factor_batch/b": {
      "attempts": 1700.0,
      "drops": 0.0,
      "delivered": 1700.0,
      "delivery_rate": 1.0
    },
    "/cosmo/factor_batch/c": {
      "attempts": 3360.0,
      "drops": 0.0,
      "delivered": 3360.0,
      "delivery_rate": 1.0
    },
    "/cosmo/factor_batch/a": {
      "attempts": 105.0,
      "drops": 0.0,
      "delivered": 105.0,
      "delivery_rate": 1.0
    }
  },
  "delivery_rate": {
    "count": 4,
    "min": 1.0,
    "max": 1.0,
    "mean": 1.0,
    "median": 1.0,
    "p90": 1.0,
    "p95": 1.0,
    "p99": 1.0,
    "stdev": 0.0
  }
}