{
  "spec": {},
  "stats": {
    "seed": 42,
    "random_loss_p": 0.0,
    "burst_period_s": 0.0,
    "burst_duration_s": 0.0,
    "bw_caps_mbps": {},
    "drops": {
      "random": 0,
      "burst": 0,
      "blackout": 0
    },
    "throttle_seconds": {},
    "staleness_wall_s": {
      "d": {
        "count": 2505,
        "sum": 0.034217119216918945,
        "max": 0.00019025802612304688,
        "mean": 1.3659528629508561e-05
      },
      "b": {
        "count": 1700,
        "sum": 0.022390127182006836,
        "max": 0.0002009868621826172,
        "mean": 1.3170663048239315e-05
      },
      "c": {
        "count": 3360,
        "sum": 0.04717445373535156,
        "max": 0.0006504058837890625,
        "mean": 1.4040015992664156e-05
      },
      "a": {
        "count": 105,
        "sum": 0.0014088153839111328,
        "max": 2.7179718017578125e-05,
        "mean": 1.3417289370582218e-05
      }
    },
    "topics": {
      "/cosmo/factor_batch/d": {
        "attempts": 2505,
        "drops": 0,
        "delivered": 2505,
        "delivery_rate": 1.0
      },
      "/cosmo/factor_batch/b": {
        "attempts": 1700,
        "drops": 0,
        "delivered": 1700,
        "delivery_rate": 1.0
      },
      "/cosmo/factor_batch/c": {
        "attempts": 3360,
        "drops": 0,
        "delivered": 3360,
        "delivery_rate": 1.0
      },
      "/cosmo/factor_batch/a": {
        "attempts": 105,
        "drops": 0,
        "delivered": 105,
        "delivery_rate": 1.0
      }
    }
  }
}