{
  "loop_closure_correction": {
    "count": 329,
    "min": 0.025228359998436645,
    "max": 32.15626745100599,
    "mean": 8.888938785386877,
    "median": 8.27939779299777,
    "p90": 14.900636653800026,
    "p95": 25.180749967414613,
    "p99": 31.576753254174257,
    "stdev": 6.893457237013511
  },
  "interface_correction": {
    "count": 3,
    "min": 8.312017802003538,
    "max": 10.605510321009206,
    "mean": 9.740872370341094,
    "median": 10.305088988010539,
    "p90": 10.545426054409472,
    "p95": 10.575468187709339,
    "p99": 10.599501894349231,
    "stdev": 1.0177695474007533
  },
  "loop_closure_correction_stabilised": {
    "count": 0
  },
  "loop_closure_correction_stabilised_params": {
    "epsilon": 0.001,
    "required": 5
  },
  "interface_correction_stabilised": {
    "count": 0
  },
  "interface_correction_stabilised_params": {
    "epsilon": 0.001,
    "required": 5
  },
  "time_to_global_convergence_s": 166.0768437385559,
  "time_to_global_convergence_method": "last_map_broadcast",
  "timeline_start_ts": 1762703842.9584239,
  "timeline_end_ts": 1762704009.0352676,
  "delivery_topics": {
    "/cosmo/factor_batch/c": {
      "attempts": 263.0,
      "drops": 0.0,
      "delivered": 263.0,
      "delivery_rate": 1.0
    },
    "/cosmo/factor_batch/b": {
      "attempts": 974.0,
      "drops": 0.0,
      "delivered": 974.0,
      "delivery_rate": 1.0
    },
    "/cosmo/factor_batch/a": {
      "attempts": 473.0,
      "drops": 0.0,
      "delivered": 473.0,
      "delivery_rate": 1.0
    }
  },
  "delivery_rate": {
    "count": 3,
    "min": 1.0,
    "max": 1.0,
    "mean": 1.0,
    "median": 1.0,
    "p90": 1.0,
    "p95": 1.0,
    "p99": 1.0,
    "stdev": 0.0
  }
}