{
  "a": {
    "matches": 1355,
    "rmse": 2.4963853188809217,
    "R": [
      [
        0.9999661951494109,
        0.008148283312527375,
        0.00110183368486899
      ],
      [
        -0.00814537872573087,
        0.9999634055220578,
        -0.002615420070222252
      ],
      [
        -0.0011231045475539533,
        0.002606356803681563,
        0.9999959727620839
      ]
    ],
    "t": [
      -1.562195058944667,
      1.5602035012479334,
      0.043045480356242116
    ],
    "s": 1.0,
    "rpe": {
      "1": {
        "count": 1354.0,
        "rmse": 0.16636884643352512,
        "mean": 0.09413133121040165,
        "pstd": 0.13717829838636836,
        "mean_dt": 1.0
      },
      "10": {
        "count": 1345.0,
        "rmse": 0.8073274621193891,
        "mean": 0.6860577391317575,
        "pstd": 0.4255612877947852,
        "mean_dt": 10.0
      },
      "50": {
        "count": 1305.0,
        "rmse": 2.5121663298982067,
        "mean": 2.2336567025484833,
        "pstd": 1.1496770869398365,
        "mean_dt": 50.0
      }
    }
  },
  "c": {
    "matches": 1062,
    "rmse": 2.563810176688298,
    "R": [
      [
        0.9999529879494161,
        0.009513693341284057,
        0.0018739076931392254
      ],
      [
        -0.009500230880907257,
        0.9999299017933035,
        -0.007066619619294882
      ],
      [
        -0.001941005987587889,
        0.007048484847281544,
        0.9999732753214529
      ]
    ],
    "t": [
      -1.7697428598280283,
      1.3631734054851066,
      0.05823969742313917
    ],
    "s": 1.0,
    "rpe": {
      "1": {
        "count": 1061.0,
        "rmse": 0.7645622471471273,
        "mean": 0.25409880836343424,
        "pstd": 0.721102784179168,
        "mean_dt": 1.0
      },
      "10": {
        "count": 1052.0,
        "rmse": 1.1548756226449974,
        "mean": 0.837561307135557,
        "pstd": 0.7951281409741747,
        "mean_dt": 10.0
      },
      "50": {
        "count": 1012.0,
        "rmse": 2.526672081957014,
        "mean": 2.2086574431933257,
        "pstd": 1.2271528463755894,
        "mean_dt": 50.0
      }
    }
  },
  "b": {
    "matches": 607,
    "rmse": 2.4316873926515594,
    "R": [
      [
        0.9999597581259428,
        0.008927702250952938,
        0.0008821911491693228
      ],
      [
        -0.00892312403471253,
        0.9999473656139719,
        -0.005063976613128296
      ],
      [
        -0.0009273543909876403,
        0.005055900928172846,
        0.9999867888525515
      ]
    ],
    "t": [
      -1.659837900743156,
      1.632882472675746,
      -0.07873266025945336
    ],
    "s": 1.0,
    "rpe": {
      "1": {
        "count": 606.0,
        "rmse": 0.10094369800859028,
        "mean": 0.0880824282814612,
        "pstd": 0.04930634843192831,
        "mean_dt": 1.0
      },
      "10": {
        "count": 597.0,
        "rmse": 0.7247631693406902,
        "mean": 0.6603678433437549,
        "pstd": 0.29865693213163536,
        "mean_dt": 10.0
      },
      "50": {
        "count": 557.0,
        "rmse": 2.5007736365981286,
        "mean": 2.3450663338366016,
        "pstd": 0.868638400837995,
        "mean_dt": 50.0
      }
    }
  },
  "d": {
    "matches": 531,
    "rmse": 3.518546598532319,
    "R": [
      [
        0.9999354554197629,
        -0.0002041867297495491,
        0.011359722806958465
      ],
      [
        0.0003116137036566762,
        0.9999552437602167,
        -0.009455864494840982
      ],
      [
        -0.011357283626432494,
        0.009458794015332775,
        0.9998907656961354
      ]
    ],
    "t": [
      0.6019503331600333,
      0.07286472467889382,
      0.872071667237754
    ],
    "s": 1.0,
    "rpe": {
      "1": {
        "count": 530.0,
        "rmse": 0.5211619742013662,
        "mean": 0.18221193994742885,
        "pstd": 0.4882710438824526,
        "mean_dt": 1.0
      },
      "10": {
        "count": 521.0,
        "rmse": 1.0633145897318355,
        "mean": 0.9115867471954171,
        "pstd": 0.5474006933447023,
        "mean_dt": 10.0
      },
      "50": {
        "count": 481.0,
        "rmse": 3.480061760126465,
        "mean": 3.2291068236828626,
        "pstd": 1.2975742659051492,
        "mean_dt": 50.0
      }
    }
  }
}