{
  "c": {
    "matches": 162,
    "rmse": 0.6952179302552783,
    "R": [
      [
        0.9998694234511852,
        0.0024331709423854393,
        -0.01597547265525693
      ],
      [
        -0.002411900202732074,
        0.9999961793090477,
        0.0013505942095802439
      ],
      [
        0.01597869784449881,
        -0.001311886607913568,
        0.9998714718246147
      ]
    ],
    "t": [
      0.30145188535779965,
      0.0281615741094825,
      0.06377263718018347
    ],
    "s": 1.0,
    "rpe": {
      "1": {
        "count": 161.0,
        "rmse": 0.32500981810690394,
        "mean": 0.149433751439631,
        "pstd": 0.28861901496013975,
        "mean_dt": 1.0
      },
      "10": {
        "count": 152.0,
        "rmse": 0.6912820445737046,
        "mean": 0.5858287328503076,
        "pstd": 0.3669816901658778,
        "mean_dt": 10.0
      },
      "50": {
        "count": 112.0,
        "rmse": 1.2102354549060044,
        "mean": 1.1041643419835503,
        "pstd": 0.4954704453381423,
        "mean_dt": 50.0
      }
    }
  },
  "b": {
    "matches": 567,
    "rmse": 1.7147972370245703,
    "R": [
      [
        0.9999222089587847,
        0.003997775425075569,
        -0.011814982972235965
      ],
      [
        -0.004028442488296861,
        0.9999885757249439,
        -0.0025729498081914076
      ],
      [
        0.011804561919107571,
        0.002620345635150678,
        0.9999268903808168
      ]
    ],
    "t": [
      0.3521759325718037,
      -0.282543447857762,
      0.3172624012699945
    ],
    "s": 1.0,
    "rpe": {
      "1": {
        "count": 566.0,
        "rmse": 1.346460918894892,
        "mean": 0.5982120175472165,
        "pstd": 1.2062750052012878,
        "mean_dt": 1.0
      },
      "10": {
        "count": 557.0,
        "rmse": 1.2135922699671442,
        "mean": 0.8625544261834581,
        "pstd": 0.8537013878372991,
        "mean_dt": 10.0
      },
      "50": {
        "count": 517.0,
        "rmse": 2.3768478360777316,
        "mean": 2.1124284006426324,
        "pstd": 1.0895191086097586,
        "mean_dt": 50.0
      }
    }
  },
  "a": {
    "matches": 312,
    "rmse": 1.3807312808394827,
    "R": [
      [
        0.9999956670803057,
        -0.0029197270524613586,
        0.00037551904552027976
      ],
      [
        0.0029146762076904817,
        0.9999136663010854,
        0.012812673683728109
      ],
      [
        -0.0004128961355408037,
        -0.012811523651014442,
        0.999917843814441
      ]
    ],
    "t": [
      3.898396148429864,
      -1.4080982915419327,
      6.735527991515964
    ],
    "s": 1.0,
    "rpe": {
      "1": {
        "count": 311.0,
        "rmse": 0.11692794864471029,
        "mean": 0.09023499007618757,
        "pstd": 0.07436256948364776,
        "mean_dt": 1.0
      },
      "10": {
        "count": 302.0,
        "rmse": 0.6641424569489826,
        "mean": 0.5882416292127755,
        "pstd": 0.30831313430233614,
        "mean_dt": 10.0
      },
      "50": {
        "count": 262.0,
        "rmse": 1.992916840493799,
        "mean": 1.8006785399776646,
        "pstd": 0.8539756019861996,
        "mean_dt": 50.0
      }
    }
  }
}