{
  "loop_closure_correction": {
    "count": 0
  },
  "interface_correction": {
    "count": 1709,
    "min": 3.8623809814453125e-05,
    "max": 0.6390361785888672,
    "mean": 0.14515258234938103,
    "median": 0.04161262512207031,
    "p90": 0.44414687156677246,
    "p95": 0.48863863945007324,
    "p99": 0.6390361785888672,
    "stdev": 0.18709363137141585
  },
  "loop_closure_correction_stabilised": {
    "count": 0
  },
  "loop_closure_correction_stabilised_params": {
    "epsilon": 0.001,
    "required": 5
  },
  "interface_correction_stabilised": {
    "count": 0
  },
  "interface_correction_stabilised_params": {
    "epsilon": 0.001,
    "required": 5
  },
  "time_to_global_convergence_s": 226.55138111114502,
  "time_to_global_convergence_method": "last_map_broadcast",
  "timeline_start_ts": 1762705131.7504413,
  "timeline_end_ts": 1762705358.3018224,
  "delivery_topics": {
    "/cosmo/iface/run_b9952a4f/b": {
      "attempts": 228.0,
      "drops": 0.0,
      "delivered": 228.0,
      "delivery_rate": 1.0
    },
    "/cosmo/iface/run_b9952a4f/d": {
      "attempts": 196.0,
      "drops": 0.0,
      "delivered": 196.0,
      "delivery_rate": 1.0
    },
    "/cosmo/iface/run_b9952a4f/c": {
      "attempts": 567.0,
      "drops": 0.0,
      "delivered": 567.0,
      "delivery_rate": 1.0
    }
  },
  "delivery_rate": {
    "count": 3,
    "min": 1.0,
    "max": 1.0,
    "mean": 1.0,
    "median": 1.0,
    "p90": 1.0,
    "p95": 1.0,
    "p99": 1.0,
    "stdev": 0.0
  }
}