{
  "a": {
    "matches": 213,
    "rmse": 3.8889177142142555,
    "R": [
      [
        1.0000000000000004,
        -8.304988641238964e-17,
        -2.7755575615628914e-17
      ],
      [
        -1.3986208025063007e-16,
        0.9999999999999999,
        6.938893903907228e-18
      ],
      [
        6.245004513516506e-17,
        3.469446951953614e-18,
        0.9999999999999999
      ]
    ],
    "t": [
      0.0,
      2.8421709430404007e-13,
      1.7763568394002505e-15
    ],
    "s": 1.0,
    "rpe": {
      "1": {
        "count": 212.0,
        "rmse": 2.8210494196459117,
        "mean": 0.5148276674729749,
        "pstd": 2.7736748729598557,
        "mean_dt": 1.0
      },
      "10": {
        "count": 203.0,
        "rmse": 5.094419346847306,
        "mean": 1.8315950106957428,
        "pstd": 4.753774100472865,
        "mean_dt": 10.0
      },
      "50": {
        "count": 163.0,
        "rmse": 4.0782352956731796,
        "mean": 1.970637545447813,
        "pstd": 3.5705168801373737,
        "mean_dt": 50.0
      }
    }
  },
  "b": {
    "matches": 575,
    "rmse": 2.5130195835443745,
    "R": [
      [
        0.999741464229246,
        -0.021934963938601008,
        0.005988493781815464
      ],
      [
        0.021952873765998346,
        0.9997546792804928,
        -0.0029415285437992544
      ],
      [
        -0.005922502357679542,
        0.003072232701490679,
        0.9999777424283258
      ]
    ],
    "t": [
      8.50141310978373,
      -0.8268878917571669,
      0.2664623040606049
    ],
    "s": 1.0,
    "rpe": {
      "1": {
        "count": 574.0,
        "rmse": 2.4824470550308306,
        "mean": 1.5387852929012982,
        "pstd": 1.9479946620516975,
        "mean_dt": 1.0
      },
      "10": {
        "count": 565.0,
        "rmse": 2.3882132503660993,
        "mean": 1.6804387999400707,
        "pstd": 1.6969643393071603,
        "mean_dt": 10.0
      },
      "50": {
        "count": 525.0,
        "rmse": 3.4244934406571033,
        "mean": 3.0408992659301544,
        "pstd": 1.574829190600994,
        "mean_dt": 50.0
      }
    }
  },
  "c": {
    "matches": 219,
    "rmse": 0.31300786218007626,
    "R": [
      [
        0.9992998953107589,
        -0.012649335424236604,
        -0.03520956610400015
      ],
      [
        0.011933793460395832,
        0.9997194700162712,
        -0.020458881788380977
      ],
      [
        0.03545848002313992,
        0.02002437473958899,
        0.9991705162837508
      ]
    ],
    "t": [
      10.305085897014306,
      -0.03843821119804147,
      -2.283589802266637
    ],
    "s": 1.0,
    "rpe": {
      "1": {
        "count": 218.0,
        "rmse": 0.08644435963997063,
        "mean": 0.0735419875960752,
        "pstd": 0.045433504971367826,
        "mean_dt": 1.0
      },
      "10": {
        "count": 209.0,
        "rmse": 0.3502994228387497,
        "mean": 0.3259880316722138,
        "pstd": 0.12822436916451138,
        "mean_dt": 10.0
      },
      "50": {
        "count": 169.0,
        "rmse": 0.48091039182803047,
        "mean": 0.45641403331840336,
        "pstd": 0.1515289911476254,
        "mean_dt": 50.0
      }
    }
  }
}