{
  "spec": {
    "seed": 1234,
    "warmup_s": 15.0,
    "random_loss_p": 0.0,
    "burst_period_s": 100.0,
    "burst_duration_s": 12.0,
    "blackouts": [
      {
        "rid": "b",
        "start_s": 100.0,
        "end_s": 180.0,
        "mode": "sender"
      },
      {
        "rid": "c",
        "start_s": 225.0,
        "end_s": 355.0,
        "mode": "either"
      },
      {
        "rid": "a",
        "start_s": 250.0,
        "end_s": 270.0,
        "mode": "sender"
      },
      {
        "rid": "d",
        "start_s": 400.0,
        "end_s": 490.0,
        "mode": "sender"
      }
    ],
    "bw_caps_mbps": {
      "default": 0.3
    }
  },
  "stats": {
    "seed": 1234,
    "random_loss_p": 0.0,
    "burst_period_s": 100.0,
    "burst_duration_s": 12.0,
    "bw_caps_mbps": {
      "default": 0.3
    },
    "drops": {
      "random": 0,
      "burst": 228,
      "blackout": 3
    },
    "throttle_seconds": {
      "d": 1.4276032362621434,
      "b": 0.37854768555944784,
      "e": 0.37498540688281257,
      "c": 0.10000604869539538,
      "a": 4.068761503339765
    },
    "staleness_wall_s": {
      "d": {
        "count": 1723,
        "sum": 1.4761478815715914,
        "max": 0.03427419859260321,
        "mean": 0.0008567312139127054
      },
      "b": {
        "count": 490,
        "sum": 0.3918180636722408,
        "max": 0.034137689760404946,
        "mean": 0.00079962870137192
      },
      "e": {
        "count": 829,
        "sum": 0.3978929023814698,
        "max": 0.03514431869506836,
        "mean": 0.0004799673128847645
      },
      "c": {
        "count": 945,
        "sum": 0.12835449458772935,
        "max": 0.03415408041252444,
        "mean": 0.0001358248619975972
      },
      "a": {
        "count": 2133,
        "sum": 4.131432449460981,
        "max": 0.034842200088500974,
        "mean": 0.0019369116031228227
      }
    },
    "topics": {
      "/cosmo/factor_batch/d": {
        "attempts": 1758,
        "drops": 35,
        "delivered": 1723,
        "delivery_rate": 0.9800910125142207
      },
      "/cosmo/factor_batch/b": {
        "attempts": 493,
        "drops": 3,
        "delivered": 490,
        "delivery_rate": 0.9939148073022313
      },
      "/cosmo/factor_batch/e": {
        "attempts": 829,
        "drops": 0,
        "delivered": 829,
        "delivery_rate": 1.0
      },
      "/cosmo/factor_batch/c": {
        "attempts": 945,
        "drops": 0,
        "delivered": 945,
        "delivery_rate": 1.0
      },
      "/cosmo/factor_batch/a": {
        "attempts": 2326,
        "drops": 193,
        "delivered": 2133,
        "delivery_rate": 0.9170249355116079
      }
    }
  }
}