{
  "loop_closure_correction": {
    "count": 409,
    "min": 0.06882021500496194,
    "max": 16.50186750202556,
    "mean": 2.2718626958333568,
    "median": 1.6935011890018359,
    "p90": 5.006292405998101,
    "p95": 5.901275719999101,
    "p99": 7.415483093733201,
    "stdev": 1.8697821170735462
  },
  "interface_correction": {
    "count": 4,
    "min": 1.7590588279999793,
    "max": 10.353294742992148,
    "mean": 5.480462969746441,
    "median": 4.904749153996818,
    "p90": 9.543238147391822,
    "p95": 9.948266445191983,
    "p99": 10.272289083432113,
    "stdev": 3.6525047151954277
  },
  "loop_closure_correction_stabilised": {
    "count": 0
  },
  "loop_closure_correction_stabilised_params": {
    "epsilon": 0.001,
    "required": 5
  },
  "interface_correction_stabilised": {
    "count": 0
  },
  "interface_correction_stabilised_params": {
    "epsilon": 0.001,
    "required": 5
  },
  "time_to_global_convergence_s": 125.34932565689087,
  "time_to_global_convergence_method": "last_map_broadcast",
  "timeline_start_ts": 1762962798.1857467,
  "timeline_end_ts": 1762962923.5350723,
  "delivery_topics": {
    "/cosmo/factor_batch/a": {
      "attempts": 2293.0,
      "drops": 298.0,
      "delivered": 1995.0,
      "delivery_rate": 0.8700392498909725
    },
    "/cosmo/factor_batch/b": {
      "attempts": 928.0,
      "drops": 15.0,
      "delivered": 913.0,
      "delivery_rate": 0.9838362068965517
    },
    "/cosmo/factor_batch/c": {
      "attempts": 1872.0,
      "drops": 283.0,
      "delivered": 1589.0,
      "delivery_rate": 0.8488247863247863
    },
    "/cosmo/factor_batch/d": {
      "attempts": 862.0,
      "drops": 0.0,
      "delivered": 862.0,
      "delivery_rate": 1.0
    }
  },
  "delivery_rate": {
    "count": 4,
    "min": 0.8488247863247863,
    "max": 1.0,
    "mean": 0.9256750607780776,
    "median": 0.9269377283937621,
    "p90": 0.9951508620689655,
    "p95": 0.9975754310344828,
    "p99": 0.9995150862068966,
    "stdev": 0.06691080563849325
  }
}