{
  "loop_closure_correction": {
    "count": 559,
    "min": 0.02961780401528813,
    "max": 21.293159402004676,
    "mean": 6.476909241229177,
    "median": 5.706603415979771,
    "p90": 13.76377066380228,
    "p95": 17.38163332869008,
    "p99": 19.701376096488087,
    "stdev": 4.740379443593689
  },
  "interface_correction": {
    "count": 4,
    "min": 8.586235624999972,
    "max": 16.08192031699582,
    "mean": 12.4280750167527,
    "median": 12.522072062507505,
    "p90": 15.045392489299411,
    "p95": 15.563656403147615,
    "p99": 15.978267534226177,
    "stdev": 2.652825555281952
  },
  "loop_closure_correction_stabilised": {
    "count": 0
  },
  "loop_closure_correction_stabilised_params": {
    "epsilon": 0.001,
    "required": 5
  },
  "interface_correction_stabilised": {
    "count": 0
  },
  "interface_correction_stabilised_params": {
    "epsilon": 0.001,
    "required": 5
  },
  "time_to_global_convergence_s": 180.50820302963257,
  "time_to_global_convergence_method": "last_map_broadcast",
  "timeline_start_ts": 1762704945.4978094,
  "timeline_end_ts": 1762705126.0060124,
  "delivery_topics": {
    "/cosmo/factor_batch/a": {
      "attempts": 810.0,
      "drops": 0.0,
      "delivered": 810.0,
      "delivery_rate": 1.0
    },
    "/cosmo/factor_batch/b": {
      "attempts": 564.0,
      "drops": 0.0,
      "delivered": 564.0,
      "delivery_rate": 1.0
    },
    "/cosmo/factor_batch/d": {
      "attempts": 1016.0,
      "drops": 0.0,
      "delivered": 1016.0,
      "delivery_rate": 1.0
    },
    "/cosmo/factor_batch/c": {
      "attempts": 702.0,
      "drops": 0.0,
      "delivered": 702.0,
      "delivery_rate": 1.0
    }
  },
  "delivery_rate": {
    "count": 4,
    "min": 1.0,
    "max": 1.0,
    "mean": 1.0,
    "median": 1.0,
    "p90": 1.0,
    "p95": 1.0,
    "p99": 1.0,
    "stdev": 0.0
  }
}