{
  "a": {
    "matches": 310,
    "rmse": 148.5766117304398,
    "R": [
      [
        0.9999999999999991,
        1.0408340855860843e-17,
        4.0939474033052647e-16
      ],
      [
        -1.6609977282477928e-16,
        0.9999999999999997,
        6.522560269672795e-16
      ],
      [
        -4.579669976578771e-16,
        -6.869504964868156e-16,
        0.9999999999999997
      ]
    ],
    "t": [
      8.171241461241152e-14,
      1.1368683772161603e-13,
      2.504663143554353e-13
    ],
    "s": 1.0,
    "rpe": {
      "1": {
        "count": 309.0,
        "rmse": 72.77613507337182,
        "mean": 10.609310979630298,
        "pstd": 71.99866913183297,
        "mean_dt": 1.0
      },
      "10": {
        "count": 300.0,
        "rmse": 207.95879548919416,
        "mean": 82.97540699493067,
        "pstd": 190.68807633237626,
        "mean_dt": 10.0
      },
      "50": {
        "count": 260.0,
        "rmse": 235.0580593362177,
        "mean": 155.58742878018984,
        "pstd": 176.19546891017993,
        "mean_dt": 50.0
      }
    }
  },
  "b": {
    "matches": 566,
    "rmse": 4.54899980410263,
    "R": [
      [
        0.6481637363135697,
        -0.4904075913241979,
        -0.5825668762465228
      ],
      [
        0.7614426094725925,
        0.4268597999656168,
        0.4878481973451187
      ],
      [
        0.009429920869313255,
        -0.7597967527865015,
        0.6500922788708434
      ]
    ],
    "t": [
      218.31496184679256,
      182.4256694644901,
      219.57901422999802
    ],
    "s": 1.0,
    "rpe": {
      "1": {
        "count": 565.0,
        "rmse": 2.943198855835808,
        "mean": 1.313174041139242,
        "pstd": 2.6340071075589853,
        "mean_dt": 1.0
      },
      "10": {
        "count": 556.0,
        "rmse": 3.249890648502896,
        "mean": 2.191243258217165,
        "pstd": 2.400050459999621,
        "mean_dt": 10.0
      },
      "50": {
        "count": 516.0,
        "rmse": 6.513401443853105,
        "mean": 5.717395367612195,
        "pstd": 3.1202225207818612,
        "mean_dt": 50.0
      }
    }
  },
  "c": {
    "matches": 161,
    "rmse": 0.7003896087150355,
    "R": [
      [
        0.6721588083391438,
        -0.41893108232886717,
        -0.6104910192876444
      ],
      [
        0.7392436628691227,
        0.4259210724711968,
        0.5216416844279503
      ],
      [
        0.04148907422377292,
        -0.8019276702320167,
        0.5959787483092869
      ]
    ],
    "t": [
      210.03546822886008,
      179.42661911007508,
      232.59087251698193
    ],
    "s": 1.0,
    "rpe": {
      "1": {
        "count": 160.0,
        "rmse": 0.21093167760886294,
        "mean": 0.127962739340093,
        "pstd": 0.16768336220230293,
        "mean_dt": 1.0
      },
      "10": {
        "count": 151.0,
        "rmse": 0.6294582461219477,
        "mean": 0.5554243760928995,
        "pstd": 0.2961780647730887,
        "mean_dt": 10.0
      },
      "50": {
        "count": 111.0,
        "rmse": 1.2534142931918855,
        "mean": 1.142554783087891,
        "pstd": 0.5153794311191473,
        "mean_dt": 50.0
      }
    }
  }
}