{
  "a": {
    "matches": 1179,
    "rmse": 4.62029238885322,
    "R": [
      [
        0.9999447555979195,
        0.00512370888137712,
        -0.009177873365708161
      ],
      [
        -0.0052694318888496525,
        0.9998593123191232,
        -0.015924467221864698
      ],
      [
        0.009094989817853087,
        0.0159719496627797,
        0.999831074724217
      ]
    ],
    "t": [
      -1.8185234505193222,
      1.282992008407497,
      -1.6645442953991472
    ],
    "s": 1.0,
    "rpe": {
      "1": {
        "count": 1178.0,
        "rmse": 0.7378952011269767,
        "mean": 0.13971656133498397,
        "pstd": 0.724547176058915,
        "mean_dt": 1.0
      },
      "10": {
        "count": 1169.0,
        "rmse": 2.4888506491187607,
        "mean": 1.1488415459379646,
        "pstd": 2.2078361931868384,
        "mean_dt": 10.0
      },
      "50": {
        "count": 1129.0,
        "rmse": 5.819740683245518,
        "mean": 4.095409195214953,
        "pstd": 4.134852493617132,
        "mean_dt": 50.0
      }
    }
  },
  "c": {
    "matches": 1016,
    "rmse": 3.036393591479064,
    "R": [
      [
        0.9999051466315716,
        0.01064587555219614,
        -0.008738596765050396
      ],
      [
        -0.010768178915841984,
        0.9998430267376417,
        -0.014070117517249011
      ],
      [
        0.008587436318914347,
        0.014162881692647806,
        0.9998628249513175
      ]
    ],
    "t": [
      -2.387939624139264,
      0.7803491433298433,
      -1.4763414171462017
    ],
    "s": 1.0,
    "rpe": {
      "1": {
        "count": 1015.0,
        "rmse": 0.9888174429554311,
        "mean": 0.3235872705069891,
        "pstd": 0.9343720960403057,
        "mean_dt": 1.0
      },
      "10": {
        "count": 1006.0,
        "rmse": 1.2487497273871933,
        "mean": 0.9158924895877294,
        "pstd": 0.848832627298445,
        "mean_dt": 10.0
      },
      "50": {
        "count": 966.0,
        "rmse": 2.762591433584531,
        "mean": 2.362280502636476,
        "pstd": 1.4323205841494409,
        "mean_dt": 50.0
      }
    }
  },
  "b": {
    "matches": 617,
    "rmse": 3.676953204608791,
    "R": [
      [
        0.9998745774065898,
        0.012009562280334304,
        -0.010324721295436289
      ],
      [
        -0.01216435553522781,
        0.9998125534027208,
        -0.015062752495644025
      ],
      [
        0.010141888897351908,
        0.015186456866801971,
        0.9998332429047487
      ]
    ],
    "t": [
      -4.0585359539645225,
      0.7728985101721975,
      -2.2929167019503764
    ],
    "s": 1.0,
    "rpe": {
      "1": {
        "count": 616.0,
        "rmse": 0.4441408940122689,
        "mean": 0.15159862952259234,
        "pstd": 0.4174673511316654,
        "mean_dt": 1.0
      },
      "10": {
        "count": 607.0,
        "rmse": 1.0402346570721925,
        "mean": 0.8439693104950191,
        "pstd": 0.6081150752256225,
        "mean_dt": 10.0
      },
      "50": {
        "count": 567.0,
        "rmse": 3.4989984446871447,
        "mean": 3.0441247066035975,
        "pstd": 1.725194159093005,
        "mean_dt": 50.0
      }
    }
  }
}