{
  "loop_closure_correction": {
    "count": 617,
    "min": 0.048768160020699725,
    "max": 20.738323891011532,
    "mean": 2.910486699182005,
    "median": 2.362553068989655,
    "p90": 6.233151123003333,
    "p95": 7.374254195019596,
    "p99": 10.002084809526577,
    "stdev": 2.6702812242115277
  },
  "interface_correction": {
    "count": 3,
    "min": 3.131417530006729,
    "max": 10.35135483799968,
    "mean": 6.346536199668965,
    "median": 5.556836231000489,
    "p90": 9.392451116599842,
    "p95": 9.87190297729976,
    "p99": 10.255464465859696,
    "stdev": 2.9999548011287733
  },
  "loop_closure_correction_stabilised": {
    "count": 0
  },
  "loop_closure_correction_stabilised_params": {
    "epsilon": 0.001,
    "required": 5
  },
  "interface_correction_stabilised": {
    "count": 0
  },
  "interface_correction_stabilised_params": {
    "epsilon": 0.001,
    "required": 5
  },
  "time_to_global_convergence_s": 129.93137979507446,
  "time_to_global_convergence_method": "last_map_broadcast",
  "timeline_start_ts": 1762959686.9199471,
  "timeline_end_ts": 1762959816.851327,
  "delivery_topics": {
    "/cosmo/factor_batch/a": {
      "attempts": 2464.0,
      "drops": 347.0,
      "delivered": 2117.0,
      "delivery_rate": 0.859172077922078
    },
    "/cosmo/factor_batch/c": {
      "attempts": 1913.0,
      "drops": 175.0,
      "delivered": 1738.0,
      "delivery_rate": 0.9085206481965499
    },
    "/cosmo/factor_batch/b": {
      "attempts": 991.0,
      "drops": 8.0,
      "delivered": 983.0,
      "delivery_rate": 0.9919273461150353
    }
  },
  "delivery_rate": {
    "count": 3,
    "min": 0.859172077922078,
    "max": 0.9919273461150353,
    "mean": 0.919873357411221,
    "median": 0.9085206481965499,
    "p90": 0.9752460065313382,
    "p95": 0.9835866763231867,
    "p99": 0.9902592121566656,
    "stdev": 0.05478840092045437
  }
}