{
  "spec": {
    "seed": 1234,
    "warmup_s": 15.0,
    "random_loss_p": 0.0,
    "burst_period_s": 100.0,
    "burst_duration_s": 12.0,
    "blackouts": [
      {
        "rid": "b",
        "start_s": 100.0,
        "end_s": 180.0,
        "mode": "sender"
      },
      {
        "rid": "c",
        "start_s": 225.0,
        "end_s": 355.0,
        "mode": "either"
      },
      {
        "rid": "a",
        "start_s": 250.0,
        "end_s": 270.0,
        "mode": "sender"
      },
      {
        "rid": "d",
        "start_s": 400.0,
        "end_s": 490.0,
        "mode": "sender"
      }
    ],
    "bw_caps_mbps": {
      "default": 0.3
    }
  },
  "stats": {
    "seed": 1234,
    "random_loss_p": 0.0,
    "burst_period_s": 100.0,
    "burst_duration_s": 12.0,
    "bw_caps_mbps": {
      "default": 0.3
    },
    "drops": {
      "random": 0,
      "burst": 522,
      "blackout": 8
    },
    "throttle_seconds": {
      "a": 3.596847175731645,
      "c": 3.2769715095516485,
      "b": 0.33657065473961334
    },
    "staleness_wall_s": {
      "a": {
        "count": 2117,
        "sum": 3.6558045140647755,
        "max": 0.03452928560479544,
        "mean": 0.0017268797893551136
      },
      "c": {
        "count": 1738,
        "sum": 3.326180865859632,
        "max": 0.03479101252237956,
        "mean": 0.0019137979665475443
      },
      "b": {
        "count": 983,
        "sum": 0.36791554533409576,
        "max": 0.03506455711364746,
        "mean": 0.0003742782760265471
      }
    },
    "topics": {
      "/cosmo/factor_batch/a": {
        "attempts": 2464,
        "drops": 347,
        "delivered": 2117,
        "delivery_rate": 0.859172077922078
      },
      "/cosmo/factor_batch/c": {
        "attempts": 1913,
        "drops": 175,
        "delivered": 1738,
        "delivery_rate": 0.9085206481965499
      },
      "/cosmo/factor_batch/b": {
        "attempts": 991,
        "drops": 8,
        "delivered": 983,
        "delivery_rate": 0.9919273461150353
      }
    }
  }
}