{
  "loop_closure_correction": {
    "count": 0
  },
  "interface_correction": {
    "count": 704,
    "min": 0.0010690689086914062,
    "max": 0.48795318603515625,
    "mean": 0.11716596883806316,
    "median": 0.03423774242401123,
    "p90": 0.47879981994628906,
    "p95": 0.48623156547546387,
    "p99": 0.48623156547546387,
    "stdev": 0.167470075190641
  },
  "loop_closure_correction_stabilised": {
    "count": 0
  },
  "loop_closure_correction_stabilised_params": {
    "epsilon": 0.001,
    "required": 5
  },
  "interface_correction_stabilised": {
    "count": 0
  },
  "interface_correction_stabilised_params": {
    "epsilon": 0.001,
    "required": 5
  },
  "time_to_global_convergence_s": 181.15180826187134,
  "time_to_global_convergence_method": "last_map_broadcast",
  "timeline_start_ts": 1762708192.726769,
  "timeline_end_ts": 1762708373.8785772,
  "delivery_topics": {
    "/cosmo/iface/run_f4018f58/a": {
      "attempts": 159.0,
      "drops": 0.0,
      "delivered": 159.0,
      "delivery_rate": 1.0
    },
    "/cosmo/iface/run_f4018f58/c": {
      "attempts": 100.0,
      "drops": 0.0,
      "delivered": 100.0,
      "delivery_rate": 1.0
    }
  },
  "delivery_rate": {
    "count": 2,
    "min": 1.0,
    "max": 1.0,
    "mean": 1.0,
    "median": 1.0,
    "p90": 1.0,
    "p95": 1.0,
    "p99": 1.0,
    "stdev": 0.0
  }
}