{
  "loop_closure_correction": {
    "count": 406,
    "min": 0.04989800401381217,
    "max": 20.60025486801169,
    "mean": 5.279203419402853,
    "median": 4.720084143002168,
    "p90": 8.973407627519919,
    "p95": 11.901000565492723,
    "p99": 20.379337267813384,
    "stdev": 3.9302378900375197
  },
  "interface_correction": {
    "count": 3,
    "min": 6.601780041994061,
    "max": 12.689190886012511,
    "mean": 9.867826363333734,
    "median": 10.312508161994629,
    "p90": 12.213854341208934,
    "p95": 12.451522613610722,
    "p99": 12.641657231532154,
    "stdev": 2.504988239827827
  },
  "loop_closure_correction_stabilised": {
    "count": 0
  },
  "loop_closure_correction_stabilised_params": {
    "epsilon": 0.001,
    "required": 5
  },
  "interface_correction_stabilised": {
    "count": 0
  },
  "interface_correction_stabilised_params": {
    "epsilon": 0.001,
    "required": 5
  },
  "time_to_global_convergence_s": 144.94835996627808,
  "time_to_global_convergence_method": "last_map_broadcast",
  "timeline_start_ts": 1762708378.122098,
  "timeline_end_ts": 1762708523.070458,
  "delivery_topics": {
    "/cosmo/factor_batch/a": {
      "attempts": 389.0,
      "drops": 0.0,
      "delivered": 389.0,
      "delivery_rate": 1.0
    },
    "/cosmo/factor_batch/b": {
      "attempts": 1121.0,
      "drops": 0.0,
      "delivered": 1121.0,
      "delivery_rate": 1.0
    },
    "/cosmo/factor_batch/c": {
      "attempts": 496.0,
      "drops": 0.0,
      "delivered": 496.0,
      "delivery_rate": 1.0
    }
  },
  "delivery_rate": {
    "count": 3,
    "min": 1.0,
    "max": 1.0,
    "mean": 1.0,
    "median": 1.0,
    "p90": 1.0,
    "p95": 1.0,
    "p99": 1.0,
    "stdev": 0.0
  }
}