{
  "spec": {},
  "stats": {
    "seed": 42,
    "random_loss_p": 0.0,
    "burst_period_s": 0.0,
    "burst_duration_s": 0.0,
    "bw_caps_mbps": {},
    "drops": {
      "random": 0,
      "burst": 0,
      "blackout": 0
    },
    "throttle_seconds": {},
    "staleness_wall_s": {
      "a": {
        "count": 389,
        "sum": 0.00455474853515625,
        "max": 3.743171691894531e-05,
        "mean": 1.1708865128936375e-05
      },
      "b": {
        "count": 1121,
        "sum": 0.013142824172973633,
        "max": 4.5299530029296875e-05,
        "mean": 1.17241964076482e-05
      },
      "c": {
        "count": 496,
        "sum": 0.0061419010162353516,
        "max": 4.291534423828125e-05,
        "mean": 1.2382864952087402e-05
      }
    },
    "topics": {
      "/cosmo/factor_batch/a": {
        "attempts": 389,
        "drops": 0,
        "delivered": 389,
        "delivery_rate": 1.0
      },
      "/cosmo/factor_batch/b": {
        "attempts": 1121,
        "drops": 0,
        "delivered": 1121,
        "delivery_rate": 1.0
      },
      "/cosmo/factor_batch/c": {
        "attempts": 496,
        "drops": 0,
        "delivered": 496,
        "delivery_rate": 1.0
      }
    }
  }
}