{
  "c": {
    "matches": 525,
    "rmse": 2.5692636067877674,
    "R": [
      [
        0.9998787271888653,
        -0.013289802102817027,
        0.008118625206405407
      ],
      [
        0.013465506211996825,
        0.9996676134012955,
        -0.021985059904661305
      ],
      [
        -0.007823749588835402,
        0.022091715112793356,
        0.9997253348123909
      ]
    ],
    "t": [
      0.5384220371565043,
      0.18409996748947677,
      -1.3517347755157658
    ],
    "s": 1.0,
    "rpe": {
      "1": {
        "count": 524.0,
        "rmse": 1.7415906526229477,
        "mean": 0.7344267275577151,
        "pstd": 1.5791628741686177,
        "mean_dt": 1.0
      },
      "10": {
        "count": 515.0,
        "rmse": 2.1467841521714064,
        "mean": 1.3317885642206984,
        "pstd": 1.6837521837328904,
        "mean_dt": 10.0
      },
      "50": {
        "count": 475.0,
        "rmse": 3.0427234011896283,
        "mean": 2.439481646010103,
        "pstd": 1.8185419970203651,
        "mean_dt": 50.0
      }
    }
  },
  "b": {
    "matches": 425,
    "rmse": 1.0738063340234856,
    "R": [
      [
        0.9996476187594078,
        -0.026516304509201664,
        0.0012344649934894975
      ],
      [
        0.026541271034660162,
        0.9976429017266645,
        -0.0632787607832697
      ],
      [
        0.00044636365170925944,
        0.06328922680501682,
        0.9979951275081022
      ]
    ],
    "t": [
      1.1364717417683181,
      -0.1453970086252383,
      -2.3901484732201226
    ],
    "s": 1.0,
    "rpe": {
      "1": {
        "count": 424.0,
        "rmse": 0.26113113835172624,
        "mean": 0.12473945790392535,
        "pstd": 0.2294112879932094,
        "mean_dt": 1.0
      },
      "10": {
        "count": 415.0,
        "rmse": 0.7647045660080595,
        "mean": 0.6073639083795098,
        "pstd": 0.46463120436701294,
        "mean_dt": 10.0
      },
      "50": {
        "count": 375.0,
        "rmse": 1.301199036179553,
        "mean": 1.2260302098373677,
        "pstd": 0.43585416863985366,
        "mean_dt": 50.0
      }
    }
  },
  "a": {
    "matches": 659,
    "rmse": 2.1231831353576593,
    "R": [
      [
        0.9998429832300038,
        -0.01770632828442626,
        0.0007034375662315802
      ],
      [
        0.017717742083124082,
        0.9982369775942281,
        -0.05664819660868728
      ],
      [
        0.00030083417583286545,
        0.05665176521719976,
        0.9983939538060985
      ]
    ],
    "t": [
      0.9976655672021764,
      1.459383812421592,
      -2.428760899565134
    ],
    "s": 1.0,
    "rpe": {
      "1": {
        "count": 658.0,
        "rmse": 0.12316692741237817,
        "mean": 0.10243535994976466,
        "pstd": 0.06838924652434913,
        "mean_dt": 1.0
      },
      "10": {
        "count": 649.0,
        "rmse": 0.8623521986097793,
        "mean": 0.7235408644010368,
        "pstd": 0.46919072027153413,
        "mean_dt": 10.0
      },
      "50": {
        "count": 609.0,
        "rmse": 2.4743996818327854,
        "mean": 2.2351520540061434,
        "pstd": 1.0614843762045219,
        "mean_dt": 50.0
      }
    }
  }
}