{
  "a": {
    "matches": 1328,
    "rmse": 2.9386261758677015,
    "R": [
      [
        0.9999999999999997,
        -3.3976185580264495e-16,
        2.2551405187698492e-17
      ],
      [
        3.8352296598959112e-16,
        0.9999999999999994,
        -4.85722573273506e-17
      ],
      [
        -2.0383000842727483e-17,
        2.0816681711721685e-17,
        1.0
      ]
    ],
    "t": [
      5.684341886080802e-14,
      -7.105427357601002e-14,
      6.217248937900877e-15
    ],
    "s": 1.0,
    "rpe": {
      "1": {
        "count": 1327.0,
        "rmse": 0.17367747938860098,
        "mean": 0.12195979293758832,
        "pstd": 0.12365142843250333,
        "mean_dt": 1.0
      },
      "10": {
        "count": 1318.0,
        "rmse": 0.9865447709703355,
        "mean": 0.8943880461671602,
        "pstd": 0.41634193639627654,
        "mean_dt": 10.0
      },
      "50": {
        "count": 1278.0,
        "rmse": 3.3504331674712944,
        "mean": 2.9473276934605264,
        "pstd": 1.5933178832399983,
        "mean_dt": 50.0
      }
    }
  },
  "b": {
    "matches": 614,
    "rmse": 1.8927345077102509,
    "R": [
      [
        0.9991385729440277,
        -0.04047832464800097,
        -0.009144248961122974
      ],
      [
        0.04048265111163383,
        0.9991801998387595,
        0.00028845996559337395
      ],
      [
        0.00912507612821499,
        -0.000658394918745496,
        0.9999581488751345
      ]
    ],
    "t": [
      1.5669512709502698,
      -5.018660395398555,
      -1.340480442400831
    ],
    "s": 1.0,
    "rpe": {
      "1": {
        "count": 613.0,
        "rmse": 0.354091665558968,
        "mean": 0.15511085692467777,
        "pstd": 0.3183104297418105,
        "mean_dt": 1.0
      },
      "10": {
        "count": 604.0,
        "rmse": 0.7630072849995602,
        "mean": 0.6409557513111918,
        "pstd": 0.41395149694560374,
        "mean_dt": 10.0
      },
      "50": {
        "count": 564.0,
        "rmse": 2.3566022468533627,
        "mean": 2.0709922035913904,
        "pstd": 1.1245289869709878,
        "mean_dt": 50.0
      }
    }
  },
  "c": {
    "matches": 1093,
    "rmse": 3.196737712502749,
    "R": [
      [
        0.9999968312542113,
        -0.0025036416512338746,
        0.00026317298025523256
      ],
      [
        0.0025040234286875782,
        0.9999957984055415,
        -0.0014604923595589528
      ],
      [
        -0.00025951532500639385,
        0.001461146722938296,
        0.9999988988504189
      ]
    ],
    "t": [
      0.0918182140938626,
      0.21256725798211562,
      0.39057912337833134
    ],
    "s": 1.0,
    "rpe": {
      "1": {
        "count": 1092.0,
        "rmse": 1.7462915596239474,
        "mean": 0.7611262586765932,
        "pstd": 1.5716936818498737,
        "mean_dt": 1.0
      },
      "10": {
        "count": 1083.0,
        "rmse": 1.8348463232904237,
        "mean": 1.2813539176297628,
        "pstd": 1.3133138116487029,
        "mean_dt": 10.0
      },
      "50": {
        "count": 1043.0,
        "rmse": 3.1968273780693095,
        "mean": 2.824542376395671,
        "pstd": 1.4972193056191134,
        "mean_dt": 50.0
      }
    }
  }
}