{
  "a": {
    "matches": 1347,
    "rmse": 4.116190987373185,
    "R": [
      [
        0.9999389746360154,
        0.0046961511664691934,
        -0.009999658398916634
      ],
      [
        -0.004866392848056134,
        0.9998424707758156,
        -0.017069032004215334
      ],
      [
        0.009917924405929857,
        0.017116652626439917,
        0.9998043083415593
      ]
    ],
    "t": [
      -2.1221655133887083,
      0.7811279919869278,
      -1.7232047256132246
    ],
    "s": 1.0,
    "rpe": {
      "1": {
        "count": 1346.0,
        "rmse": 0.3233471445685536,
        "mean": 0.11244963551732957,
        "pstd": 0.30316407335411116,
        "mean_dt": 1.0
      },
      "10": {
        "count": 1337.0,
        "rmse": 1.3266630947999432,
        "mean": 0.8891521578785165,
        "pstd": 0.9846031724731243,
        "mean_dt": 10.0
      },
      "50": {
        "count": 1297.0,
        "rmse": 3.993164133539061,
        "mean": 3.2061354382452967,
        "pstd": 2.3803477369935675,
        "mean_dt": 50.0
      }
    }
  },
  "c": {
    "matches": 1071,
    "rmse": 2.9739554490956484,
    "R": [
      [
        0.9999050541012903,
        0.010341406070136267,
        -0.009107035916675575
      ],
      [
        -0.010471477699767489,
        0.9998421630289421,
        -0.014352602007604347
      ],
      [
        0.008957172404187492,
        0.014446603410420332,
        0.999855521919254
      ]
    ],
    "t": [
      -2.56968581005151,
      0.7345225132064357,
      -1.5306154735994637
    ],
    "s": 1.0,
    "rpe": {
      "1": {
        "count": 1070.0,
        "rmse": 0.9673740105112341,
        "mean": 0.3106694922280217,
        "pstd": 0.916131509561467,
        "mean_dt": 1.0
      },
      "10": {
        "count": 1061.0,
        "rmse": 1.2382158065738478,
        "mean": 0.8915306329088848,
        "pstd": 0.8592738295993934,
        "mean_dt": 10.0
      },
      "50": {
        "count": 1021.0,
        "rmse": 2.7033282715169675,
        "mean": 2.3673693705583436,
        "pstd": 1.3051996042464575,
        "mean_dt": 50.0
      }
    }
  },
  "b": {
    "matches": 617,
    "rmse": 3.1869451361079504,
    "R": [
      [
        0.9998701457958176,
        0.011817946850971962,
        -0.010955714421157382
      ],
      [
        -0.011987965476542635,
        0.9998066769677618,
        -0.015585165203288533
      ],
      [
        0.010769411775189067,
        0.015714478130315714,
        0.9998185210062412
      ]
    ],
    "t": [
      -4.047014766441052,
      0.6833332358340556,
      -2.2811440871566373
    ],
    "s": 1.0,
    "rpe": {
      "1": {
        "count": 616.0,
        "rmse": 0.4621075300405942,
        "mean": 0.1466496713743497,
        "pstd": 0.43822054174355385,
        "mean_dt": 1.0
      },
      "10": {
        "count": 607.0,
        "rmse": 0.943558641675159,
        "mean": 0.7752137553223867,
        "pstd": 0.5379094197342479,
        "mean_dt": 10.0
      },
      "50": {
        "count": 567.0,
        "rmse": 3.012399347164626,
        "mean": 2.7023022749485275,
        "pstd": 1.331207061882513,
        "mean_dt": 50.0
      }
    }
  }
}