{
  "a": {
    "matches": 529,
    "rmse": 85.94927791570002,
    "R": [
      [
        0.9999999999999997,
        3.382710778154774e-17,
        4.198030811863873e-16
      ],
      [
        -1.6707555478001623e-16,
        0.9999999999999996,
        -2.7755575615628914e-17
      ],
      [
        -4.2327252813834093e-16,
        -2.7755575615628914e-17,
        0.9999999999999999
      ]
    ],
    "t": [
      2.842170943040401e-14,
      4.263256414560601e-14,
      0.0
    ],
    "s": 1.0,
    "rpe": {
      "1": {
        "count": 528.0,
        "rmse": 14.066679355630963,
        "mean": 2.4152352527766956,
        "pstd": 13.857781451873135,
        "mean_dt": 1.0
      },
      "10": {
        "count": 519.0,
        "rmse": 45.534671537701,
        "mean": 20.070895367566305,
        "pstd": 40.87255156202659,
        "mean_dt": 10.0
      },
      "50": {
        "count": 479.0,
        "rmse": 97.8811894307465,
        "mean": 69.36832982199057,
        "pstd": 69.0562239199713,
        "mean_dt": 50.0
      }
    }
  },
  "b": {
    "matches": 514,
    "rmse": 5.480423325480454,
    "R": [
      [
        0.9817698352807177,
        -0.18250875228482702,
        0.053089979019648376
      ],
      [
        0.16821555730977503,
        0.9643319027298265,
        0.20437100493082105
      ],
      [
        -0.08849585759702452,
        -0.19171472743873275,
        0.9774527847785075
      ]
    ],
    "t": [
      27.78604497243768,
      -56.93231432320966,
      -7.098380235499917
    ],
    "s": 1.0,
    "rpe": {
      "1": {
        "count": 513.0,
        "rmse": 3.8994420632684754,
        "mean": 1.3057160449455296,
        "pstd": 3.6743372211542207,
        "mean_dt": 1.0
      },
      "10": {
        "count": 504.0,
        "rmse": 4.914860609045413,
        "mean": 2.732027762727557,
        "pstd": 4.085569618796392,
        "mean_dt": 10.0
      },
      "50": {
        "count": 464.0,
        "rmse": 7.31054770519748,
        "mean": 5.782320071394531,
        "pstd": 4.47312892077973,
        "mean_dt": 50.0
      }
    }
  },
  "c": {
    "matches": 547,
    "rmse": 3.0452783499860794,
    "R": [
      [
        0.98719204402232,
        -0.13440805121656582,
        0.08594384205513875
      ],
      [
        0.0967076181763907,
        0.9326106907420542,
        0.34768511055303797
      ],
      [
        -0.126883824050519,
        -0.33492055070089943,
        0.9336641365676006
      ]
    ],
    "t": [
      21.78279549223039,
      -56.65103918168542,
      5.9105605361638
    ],
    "s": 1.0,
    "rpe": {
      "1": {
        "count": 546.0,
        "rmse": 2.638164667515676,
        "mean": 1.6103845503412626,
        "pstd": 2.089634995148739,
        "mean_dt": 1.0
      },
      "10": {
        "count": 537.0,
        "rmse": 2.5603383924109817,
        "mean": 1.7966772338589945,
        "pstd": 1.8240843184969395,
        "mean_dt": 10.0
      },
      "50": {
        "count": 497.0,
        "rmse": 3.8198206681138136,
        "mean": 3.268570221164708,
        "pstd": 1.976734338717461,
        "mean_dt": 50.0
      }
    }
  }
}