{
  "spec": {
    "seed": 1234,
    "warmup_s": 15.0,
    "random_loss_p": 0.0,
    "burst_period_s": 100.0,
    "burst_duration_s": 12.0,
    "blackouts": [
      {
        "rid": "b",
        "start_s": 100.0,
        "end_s": 180.0,
        "mode": "sender"
      },
      {
        "rid": "c",
        "start_s": 225.0,
        "end_s": 355.0,
        "mode": "either"
      },
      {
        "rid": "a",
        "start_s": 250.0,
        "end_s": 270.0,
        "mode": "sender"
      },
      {
        "rid": "d",
        "start_s": 400.0,
        "end_s": 490.0,
        "mode": "sender"
      }
    ],
    "bw_caps_mbps": {
      "default": 0.3
    }
  },
  "stats": {
    "seed": 1234,
    "random_loss_p": 0.0,
    "burst_period_s": 100.0,
    "burst_duration_s": 12.0,
    "bw_caps_mbps": {
      "default": 0.3
    },
    "drops": {
      "random": 0,
      "burst": 545,
      "blackout": 0
    },
    "throttle_seconds": {
      "a": 1.8399187808453914,
      "c": 2.3412668887856296,
      "b": 0.01576,
      "d": 1.1015829869183713
    },
    "staleness_wall_s": {
      "a": {
        "count": 1968,
        "sum": 1.8977364783704158,
        "max": 0.03432859828125685,
        "mean": 0.0009642969910418779
      },
      "c": {
        "count": 1567,
        "sum": 2.3875477496865085,
        "max": 0.03517193903605143,
        "mean": 0.0015236424694872422
      },
      "b": {
        "count": 885,
        "sum": 0.04299860740661621,
        "max": 0.015816028366088867,
        "mean": 4.858599706962283e-05
      },
      "d": {
        "count": 861,
        "sum": 1.1266209908398803,
        "max": 0.035039559377034506,
        "mean": 0.0013085028929615335
      }
    },
    "topics": {
      "/cosmo/factor_batch/a": {
        "attempts": 2278,
        "drops": 310,
        "delivered": 1968,
        "delivery_rate": 0.8639157155399473
      },
      "/cosmo/factor_batch/c": {
        "attempts": 1798,
        "drops": 231,
        "delivered": 1567,
        "delivery_rate": 0.871523915461624
      },
      "/cosmo/factor_batch/b": {
        "attempts": 885,
        "drops": 0,
        "delivered": 885,
        "delivery_rate": 1.0
      },
      "/cosmo/factor_batch/d": {
        "attempts": 865,
        "drops": 4,
        "delivered": 861,
        "delivery_rate": 0.9953757225433526
      }
    }
  }
}