{
  "a": {
    "matches": 1180,
    "rmse": 2.422960489073556,
    "R": [
      [
        0.9999512715999945,
        0.009847198921549666,
        -0.0006979247477964308
      ],
      [
        -0.009849866558785328,
        0.9999437745455823,
        -0.003927833538901186
      ],
      [
        0.0006592073484720438,
        0.003934516607491251,
        0.9999920424807075
      ]
    ],
    "t": [
      -1.4965810276971325,
      2.047575428037483,
      -0.1924296013285005
    ],
    "s": 1.0,
    "rpe": {
      "1": {
        "count": 1179.0,
        "rmse": 0.2824303670301194,
        "mean": 0.10337604895419569,
        "pstd": 0.2628313237104506,
        "mean_dt": 1.0
      },
      "10": {
        "count": 1170.0,
        "rmse": 1.1154197465403182,
        "mean": 0.7737783501841675,
        "pstd": 0.8033855088052914,
        "mean_dt": 10.0
      },
      "50": {
        "count": 1130.0,
        "rmse": 2.9504687584087943,
        "mean": 2.412735442975291,
        "pstd": 1.6982265975296569,
        "mean_dt": 50.0
      }
    }
  },
  "b": {
    "matches": 619,
    "rmse": 2.4588742355198057,
    "R": [
      [
        0.9999481946804301,
        0.010157305378545702,
        0.0006611375017696653
      ],
      [
        -0.010156730729733755,
        0.999948043378776,
        -0.0008668124608042713
      ],
      [
        -0.000669907630169221,
        0.0008600525597269523,
        0.9999994057665043
      ]
    ],
    "t": [
      -1.4589678385238756,
      1.8722956335145113,
      -0.28076381254625327
    ],
    "s": 1.0,
    "rpe": {
      "1": {
        "count": 618.0,
        "rmse": 0.7600375491924125,
        "mean": 0.16365551246370502,
        "pstd": 0.7422088314097663,
        "mean_dt": 1.0
      },
      "10": {
        "count": 609.0,
        "rmse": 1.0966354369921112,
        "mean": 0.7041053521786802,
        "pstd": 0.8407407059850351,
        "mean_dt": 10.0
      },
      "50": {
        "count": 569.0,
        "rmse": 2.527937068051701,
        "mean": 2.243578774988576,
        "pstd": 1.1648262104067642,
        "mean_dt": 50.0
      }
    }
  },
  "c": {
    "matches": 923,
    "rmse": 2.8234074364851125,
    "R": [
      [
        0.9999281324095001,
        0.01190841455359155,
        0.001385524763276704
      ],
      [
        -0.011897017755378343,
        0.9998975285815028,
        -0.007961991279279691
      ],
      [
        -0.0014801974794145956,
        0.007944935457441647,
        0.9999673429747589
      ]
    ],
    "t": [
      -0.9878440109795292,
      1.7863850570055675,
      -0.12521430209474183
    ],
    "s": 1.0,
    "rpe": {
      "1": {
        "count": 922.0,
        "rmse": 0.6768597950861961,
        "mean": 0.24067832834520175,
        "pstd": 0.6326239992832137,
        "mean_dt": 1.0
      },
      "10": {
        "count": 913.0,
        "rmse": 1.2337189838449942,
        "mean": 0.9266593473271142,
        "pstd": 0.8144722126081474,
        "mean_dt": 10.0
      },
      "50": {
        "count": 873.0,
        "rmse": 2.860293700512342,
        "mean": 2.485299849726598,
        "pstd": 1.4158265113139863,
        "mean_dt": 50.0
      }
    }
  },
  "d": {
    "matches": 530,
    "rmse": 3.2381273232679018,
    "R": [
      [
        0.9999667347599732,
        0.007901665567019314,
        0.002023129937619856
      ],
      [
        -0.007901984847551643,
        0.9999687675994493,
        0.00014987030148999603
      ],
      [
        -0.00202188252541448,
        -0.00016585205813016146,
        0.9999979422399569
      ]
    ],
    "t": [
      0.46475587371364213,
      0.8670186823100217,
      0.12438893372185333
    ],
    "s": 1.0,
    "rpe": {
      "1": {
        "count": 529.0,
        "rmse": 0.6901723517673019,
        "mean": 0.19731172995491875,
        "pstd": 0.6613667336404253,
        "mean_dt": 1.0
      },
      "10": {
        "count": 520.0,
        "rmse": 1.1441939212388292,
        "mean": 0.9216815202486395,
        "pstd": 0.6779991922060418,
        "mean_dt": 10.0
      },
      "50": {
        "count": 480.0,
        "rmse": 3.376733871199181,
        "mean": 3.1069242086162645,
        "pstd": 1.3226313162850802,
        "mean_dt": 50.0
      }
    }
  }
}