{
  "spec": {
    "seed": 1234,
    "warmup_s": 15.0,
    "random_loss_p": 0.0,
    "burst_period_s": 100.0,
    "burst_duration_s": 12.0,
    "blackouts": [
      {
        "rid": "b",
        "start_s": 100.0,
        "end_s": 180.0,
        "mode": "sender"
      },
      {
        "rid": "c",
        "start_s": 225.0,
        "end_s": 355.0,
        "mode": "either"
      },
      {
        "rid": "a",
        "start_s": 250.0,
        "end_s": 270.0,
        "mode": "sender"
      },
      {
        "rid": "d",
        "start_s": 400.0,
        "end_s": 490.0,
        "mode": "sender"
      }
    ],
    "bw_caps_mbps": {
      "default": 0.3
    }
  },
  "stats": {
    "seed": 1234,
    "random_loss_p": 0.0,
    "burst_period_s": 100.0,
    "burst_duration_s": 12.0,
    "bw_caps_mbps": {
      "default": 0.3
    },
    "drops": {
      "random": 0,
      "burst": 310,
      "blackout": 10
    },
    "throttle_seconds": {
      "d": 1.6405120819667536,
      "c": 2.0431082453557883,
      "b": 0.2508193493589356,
      "e": 0.8315369270792076,
      "a": 4.313940654966611
    },
    "staleness_wall_s": {
      "d": {
        "count": 1616,
        "sum": 1.687862011776324,
        "max": 0.03421190081786985,
        "mean": 0.0010444690666932697
      },
      "c": {
        "count": 1233,
        "sum": 2.079273244363967,
        "max": 0.034590810162030784,
        "mean": 0.001686352996240038
      },
      "b": {
        "count": 345,
        "sum": 0.26042261130656735,
        "max": 0.03491933906555176,
        "mean": 0.0007548481487146879
      },
      "e": {
        "count": 875,
        "sum": 0.8558851860513755,
        "max": 0.03487888033548991,
        "mean": 0.0009781544983444293
      },
      "a": {
        "count": 2237,
        "sum": 4.3781267511580175,
        "max": 0.03446459655398503,
        "mean": 0.001957142043432283
      }
    },
    "topics": {
      "/cosmo/factor_batch/d": {
        "attempts": 1709,
        "drops": 93,
        "delivered": 1616,
        "delivery_rate": 0.9455822118197776
      },
      "/cosmo/factor_batch/c": {
        "attempts": 1258,
        "drops": 25,
        "delivered": 1233,
        "delivery_rate": 0.980127186009539
      },
      "/cosmo/factor_batch/b": {
        "attempts": 355,
        "drops": 10,
        "delivered": 345,
        "delivery_rate": 0.971830985915493
      },
      "/cosmo/factor_batch/e": {
        "attempts": 875,
        "drops": 0,
        "delivered": 875,
        "delivery_rate": 1.0
      },
      "/cosmo/factor_batch/a": {
        "attempts": 2429,
        "drops": 192,
        "delivered": 2237,
        "delivery_rate": 0.9209551255660766
      }
    }
  }
}