{
  "spec": {},
  "stats": {
    "seed": 42,
    "random_loss_p": 0.0,
    "burst_period_s": 0.0,
    "burst_duration_s": 0.0,
    "bw_caps_mbps": {},
    "drops": {
      "random": 0,
      "burst": 0,
      "blackout": 0
    },
    "throttle_seconds": {},
    "staleness_wall_s": {
      "c": {
        "count": 897,
        "sum": 0.011445760726928711,
        "max": 4.696846008300781e-05,
        "mean": 1.2760045403487973e-05
      },
      "b": {
        "count": 812,
        "sum": 0.010826349258422852,
        "max": 4.553794860839844e-05,
        "mean": 1.3332942436481343e-05
      },
      "a": {
        "count": 856,
        "sum": 0.010746240615844727,
        "max": 6.008148193359375e-05,
        "mean": 1.2554019411033558e-05
      }
    },
    "topics": {
      "/cosmo/factor_batch/c": {
        "attempts": 897,
        "drops": 0,
        "delivered": 897,
        "delivery_rate": 1.0
      },
      "/cosmo/factor_batch/b": {
        "attempts": 812,
        "drops": 0,
        "delivered": 812,
        "delivery_rate": 1.0
      },
      "/cosmo/factor_batch/a": {
        "attempts": 856,
        "drops": 0,
        "delivered": 856,
        "delivery_rate": 1.0
      }
    }
  }
}