{
  "loop_closure_correction": {
    "count": 717,
    "min": 0.025059573003090918,
    "max": 19.082270652987063,
    "mean": 5.285912193585823,
    "median": 4.5993033240083605,
    "p90": 10.60129118300392,
    "p95": 13.020174207392845,
    "p99": 17.827798223678265,
    "stdev": 4.010284391529786
  },
  "interface_correction": {
    "count": 4,
    "min": 5.812873621005565,
    "max": 13.318169620994013,
    "mean": 9.662911136241746,
    "median": 9.760300651483703,
    "p90": 12.282200147290133,
    "p95": 12.800184884142071,
    "p99": 13.214572673623625,
    "stdev": 2.6563400978328127
  },
  "loop_closure_correction_stabilised": {
    "count": 0
  },
  "loop_closure_correction_stabilised_params": {
    "epsilon": 0.001,
    "required": 5
  },
  "interface_correction_stabilised": {
    "count": 0
  },
  "interface_correction_stabilised_params": {
    "epsilon": 0.001,
    "required": 5
  },
  "time_to_global_convergence_s": 180.87744617462158,
  "time_to_global_convergence_method": "last_map_broadcast",
  "timeline_start_ts": 1762709144.655503,
  "timeline_end_ts": 1762709325.5329492,
  "delivery_topics": {
    "/cosmo/factor_batch/c": {
      "attempts": 741.0,
      "drops": 0.0,
      "delivered": 741.0,
      "delivery_rate": 1.0
    },
    "/cosmo/factor_batch/b": {
      "attempts": 800.0,
      "drops": 0.0,
      "delivered": 800.0,
      "delivery_rate": 1.0
    },
    "/cosmo/factor_batch/d": {
      "attempts": 963.0,
      "drops": 0.0,
      "delivered": 963.0,
      "delivery_rate": 1.0
    },
    "/cosmo/factor_batch/a": {
      "attempts": 810.0,
      "drops": 0.0,
      "delivered": 810.0,
      "delivery_rate": 1.0
    }
  },
  "delivery_rate": {
    "count": 4,
    "min": 1.0,
    "max": 1.0,
    "mean": 1.0,
    "median": 1.0,
    "p90": 1.0,
    "p95": 1.0,
    "p99": 1.0,
    "stdev": 0.0
  }
}