{
  "spec": {},
  "stats": {
    "seed": 42,
    "random_loss_p": 0.0,
    "burst_period_s": 0.0,
    "burst_duration_s": 0.0,
    "bw_caps_mbps": {},
    "drops": {
      "random": 0,
      "burst": 0,
      "blackout": 0
    },
    "throttle_seconds": {},
    "staleness_wall_s": {
      "c": {
        "count": 741,
        "sum": 0.009877204895019531,
        "max": 4.601478576660156e-05,
        "mean": 1.3329561261834725e-05
      },
      "b": {
        "count": 800,
        "sum": 0.00961446762084961,
        "max": 4.601478576660156e-05,
        "mean": 1.2018084526062011e-05
      },
      "d": {
        "count": 963,
        "sum": 0.011958122253417969,
        "max": 4.315376281738281e-05,
        "mean": 1.2417572433455834e-05
      },
      "a": {
        "count": 810,
        "sum": 0.010483741760253906,
        "max": 4.315376281738281e-05,
        "mean": 1.294289106204186e-05
      }
    },
    "topics": {
      "/cosmo/factor_batch/c": {
        "attempts": 741,
        "drops": 0,
        "delivered": 741,
        "delivery_rate": 1.0
      },
      "/cosmo/factor_batch/b": {
        "attempts": 800,
        "drops": 0,
        "delivered": 800,
        "delivery_rate": 1.0
      },
      "/cosmo/factor_batch/d": {
        "attempts": 963,
        "drops": 0,
        "delivered": 963,
        "delivery_rate": 1.0
      },
      "/cosmo/factor_batch/a": {
        "attempts": 810,
        "drops": 0,
        "delivered": 810,
        "delivery_rate": 1.0
      }
    }
  }
}