{
  "loop_closure_correction": {
    "count": 0
  },
  "interface_correction": {
    "count": 1638,
    "min": 4.291534423828125e-05,
    "max": 0.6837725639343262,
    "mean": 0.14597638317080208,
    "median": 0.03731405735015869,
    "p90": 0.4386913776397705,
    "p95": 0.5351073503494239,
    "p99": 0.6837725639343262,
    "stdev": 0.18967001481301274
  },
  "loop_closure_correction_stabilised": {
    "count": 0
  },
  "loop_closure_correction_stabilised_params": {
    "epsilon": 0.001,
    "required": 5
  },
  "interface_correction_stabilised": {
    "count": 0
  },
  "interface_correction_stabilised_params": {
    "epsilon": 0.001,
    "required": 5
  },
  "time_to_global_convergence_s": 239.5850327014923,
  "time_to_global_convergence_method": "last_map_broadcast",
  "timeline_start_ts": 1762709331.3228471,
  "timeline_end_ts": 1762709570.9078798,
  "delivery_topics": {
    "/cosmo/iface/run_3d96a08b/b": {
      "attempts": 403.0,
      "drops": 0.0,
      "delivered": 403.0,
      "delivery_rate": 1.0
    },
    "/cosmo/iface/run_3d96a08b/d": {
      "attempts": 201.0,
      "drops": 0.0,
      "delivered": 201.0,
      "delivery_rate": 1.0
    },
    "/cosmo/iface/run_3d96a08b/c": {
      "attempts": 670.0,
      "drops": 0.0,
      "delivered": 670.0,
      "delivery_rate": 1.0
    }
  },
  "delivery_rate": {
    "count": 3,
    "min": 1.0,
    "max": 1.0,
    "mean": 1.0,
    "median": 1.0,
    "p90": 1.0,
    "p95": 1.0,
    "p99": 1.0,
    "stdev": 0.0
  }
}