{
  "loop_closure_correction": {
    "count": 0
  },
  "interface_correction": {
    "count": 596,
    "min": 2.4318695068359375e-05,
    "max": 0.7352786064147949,
    "mean": 0.20042172134322608,
    "median": 0.046085476875305176,
    "p90": 0.6985161304473877,
    "p95": 0.7131915092468262,
    "p99": 0.7131915092468262,
    "stdev": 0.270070800400723
  },
  "loop_closure_correction_stabilised": {
    "count": 0
  },
  "loop_closure_correction_stabilised_params": {
    "epsilon": 0.001,
    "required": 5
  },
  "interface_correction_stabilised": {
    "count": 0
  },
  "interface_correction_stabilised_params": {
    "epsilon": 0.001,
    "required": 5
  },
  "time_to_global_convergence_s": 161.22198176383972,
  "time_to_global_convergence_method": "last_map_broadcast",
  "timeline_start_ts": 1762704354.597992,
  "timeline_end_ts": 1762704515.8199737,
  "delivery_topics": {
    "/cosmo/iface/run_9e304320/a": {
      "attempts": 54.0,
      "drops": 0.0,
      "delivered": 54.0,
      "delivery_rate": 1.0
    },
    "/cosmo/iface/run_9e304320/c": {
      "attempts": 323.0,
      "drops": 0.0,
      "delivered": 323.0,
      "delivery_rate": 1.0
    }
  },
  "delivery_rate": {
    "count": 2,
    "min": 1.0,
    "max": 1.0,
    "mean": 1.0,
    "median": 1.0,
    "p90": 1.0,
    "p95": 1.0,
    "p99": 1.0,
    "stdev": 0.0
  }
}