{
  "loop_closure_correction": {
    "count": 230,
    "min": 0.03387281100731343,
    "max": 25.180169204977574,
    "mean": 9.568111657158918,
    "median": 10.722482319994015,
    "p90": 15.573922114475863,
    "p95": 18.887151300397797,
    "p99": 24.696613071657488,
    "stdev": 5.842993598531303
  },
  "interface_correction": {
    "count": 3,
    "min": 12.147329838975566,
    "max": 17.54626547798398,
    "mean": 15.24242913898585,
    "median": 16.033692099998007,
    "p90": 17.243750802386785,
    "p95": 17.395008140185382,
    "p99": 17.516014010424257,
    "stdev": 2.2740125056298015
  },
  "loop_closure_correction_stabilised": {
    "count": 0
  },
  "loop_closure_correction_stabilised_params": {
    "epsilon": 0.001,
    "required": 5
  },
  "interface_correction_stabilised": {
    "count": 0
  },
  "interface_correction_stabilised_params": {
    "epsilon": 0.001,
    "required": 5
  },
  "time_to_global_convergence_s": 195.42226243019104,
  "time_to_global_convergence_method": "last_map_broadcast",
  "timeline_start_ts": 1762704520.1432884,
  "timeline_end_ts": 1762704715.5655508,
  "delivery_topics": {
    "/cosmo/factor_batch/c": {
      "attempts": 774.0,
      "drops": 0.0,
      "delivered": 774.0,
      "delivery_rate": 1.0
    },
    "/cosmo/factor_batch/b": {
      "attempts": 577.0,
      "drops": 0.0,
      "delivered": 577.0,
      "delivery_rate": 1.0
    },
    "/cosmo/factor_batch/a": {
      "attempts": 863.0,
      "drops": 0.0,
      "delivered": 863.0,
      "delivery_rate": 1.0
    }
  },
  "delivery_rate": {
    "count": 3,
    "min": 1.0,
    "max": 1.0,
    "mean": 1.0,
    "median": 1.0,
    "p90": 1.0,
    "p95": 1.0,
    "p99": 1.0,
    "stdev": 0.0
  }
}