{
  "spec": {},
  "stats": {
    "seed": 42,
    "random_loss_p": 0.0,
    "burst_period_s": 0.0,
    "burst_duration_s": 0.0,
    "bw_caps_mbps": {},
    "drops": {
      "random": 0,
      "burst": 0,
      "blackout": 0
    },
    "throttle_seconds": {},
    "staleness_wall_s": {
      "c": {
        "count": 774,
        "sum": 0.011142730712890625,
        "max": 3.719329833984375e-05,
        "mean": 1.4396292910711401e-05
      },
      "b": {
        "count": 577,
        "sum": 0.008399724960327148,
        "max": 8.106231689453125e-05,
        "mean": 1.4557582253599911e-05
      },
      "a": {
        "count": 863,
        "sum": 0.011946916580200195,
        "max": 4.124641418457031e-05,
        "mean": 1.3843472282966622e-05
      }
    },
    "topics": {
      "/cosmo/factor_batch/c": {
        "attempts": 774,
        "drops": 0,
        "delivered": 774,
        "delivery_rate": 1.0
      },
      "/cosmo/factor_batch/b": {
        "attempts": 577,
        "drops": 0,
        "delivered": 577,
        "delivery_rate": 1.0
      },
      "/cosmo/factor_batch/a": {
        "attempts": 863,
        "drops": 0,
        "delivered": 863,
        "delivery_rate": 1.0
      }
    }
  }
}