{
  "a": {
    "matches": 1152,
    "rmse": 2.852121499276245,
    "R": [
      [
        0.9999077655073971,
        0.011302258375526215,
        -0.007531230551333343
      ],
      [
        -0.011376474020832552,
        0.999886419815664,
        -0.009885509954829896
      ],
      [
        0.007418646565095725,
        0.00997027701854725,
        0.9999227756478575
      ]
    ],
    "t": [
      -2.3976008548813894,
      2.049002753932527,
      -1.4461501097838712
    ],
    "s": 1.0,
    "rpe": {
      "1": {
        "count": 1151.0,
        "rmse": 0.25315460114901805,
        "mean": 0.11282997698704997,
        "pstd": 0.22662005289916465,
        "mean_dt": 1.0
      },
      "10": {
        "count": 1142.0,
        "rmse": 1.211972595732196,
        "mean": 0.8409388708389905,
        "pstd": 0.8727539105142288,
        "mean_dt": 10.0
      },
      "50": {
        "count": 1102.0,
        "rmse": 3.2471365536207433,
        "mean": 2.6661749008356264,
        "pstd": 1.8534851485820225,
        "mean_dt": 50.0
      }
    }
  },
  "c": {
    "matches": 1020,
    "rmse": 2.8540991501709954,
    "R": [
      [
        0.9998921894136928,
        0.01283991861916215,
        -0.007123625435468479
      ],
      [
        -0.012923048567808173,
        0.9998474666910354,
        -0.011748964517465023
      ],
      [
        0.006971683097045304,
        0.011839756812193323,
        0.999905603441356
      ]
    ],
    "t": [
      -2.316131393805037,
      1.8442480462917388,
      -1.4745049638456527
    ],
    "s": 1.0,
    "rpe": {
      "1": {
        "count": 1019.0,
        "rmse": 1.3555264235371356,
        "mean": 0.554833208777587,
        "pstd": 1.2367748361544815,
        "mean_dt": 1.0
      },
      "10": {
        "count": 1010.0,
        "rmse": 1.5394091231691978,
        "mean": 1.0714417214297869,
        "pstd": 1.1053474956212344,
        "mean_dt": 10.0
      },
      "50": {
        "count": 970.0,
        "rmse": 2.5980408141704205,
        "mean": 2.2156094152543493,
        "pstd": 1.3567943805645624,
        "mean_dt": 50.0
      }
    }
  },
  "b": {
    "matches": 614,
    "rmse": 2.791412059941507,
    "R": [
      [
        0.9998945295637477,
        0.012683164711702818,
        -0.007075809592353537
      ],
      [
        -0.012771206201570486,
        0.9998398175388128,
        -0.012539360275117081
      ],
      [
        0.006915637400009429,
        0.0126284043666655,
        0.999896343308897
      ]
    ],
    "t": [
      -2.272206143778533,
      1.6971622150447843,
      -1.6321025591852951
    ],
    "s": 1.0,
    "rpe": {
      "1": {
        "count": 613.0,
        "rmse": 0.5793421718468561,
        "mean": 0.18183673772208156,
        "pstd": 0.5500661350190748,
        "mean_dt": 1.0
      },
      "10": {
        "count": 604.0,
        "rmse": 0.8778959351533824,
        "mean": 0.7037426278864612,
        "pstd": 0.5248310077103767,
        "mean_dt": 10.0
      },
      "50": {
        "count": 564.0,
        "rmse": 2.414642131536658,
        "mean": 2.2932700751158275,
        "pstd": 0.75591599134437,
        "mean_dt": 50.0
      }
    }
  }
}