{
  "a": {
    "matches": 1350,
    "rmse": 2.596433073241654,
    "R": [
      [
        1.0000000000000004,
        -1.9625414574703237e-16,
        -6.938893903907228e-18
      ],
      [
        1.9233746539892849e-16,
        1.0000000000000007,
        6.245004513516506e-17
      ],
      [
        9.974659986866641e-18,
        -1.3877787807814457e-17,
        1.0
      ]
    ],
    "t": [
      -2.8421709430404007e-13,
      0.0,
      -8.881784197001252e-16
    ],
    "s": 1.0,
    "rpe": {
      "1": {
        "count": 1349.0,
        "rmse": 0.1368720278465609,
        "mean": 0.10787516119235858,
        "pstd": 0.084243110131051,
        "mean_dt": 1.0
      },
      "10": {
        "count": 1340.0,
        "rmse": 0.8251286676776836,
        "mean": 0.7490891800297164,
        "pstd": 0.3459808066727934,
        "mean_dt": 10.0
      },
      "50": {
        "count": 1300.0,
        "rmse": 2.865237119711998,
        "mean": 2.5453607317266345,
        "pstd": 1.3155692674882444,
        "mean_dt": 50.0
      }
    }
  },
  "b": {
    "matches": 182,
    "rmse": 2.4573637402745323,
    "R": [
      [
        0.9994559319729328,
        -0.03292086228246639,
        -0.00201416749426803
      ],
      [
        0.0329321432213651,
        0.9994404660674536,
        0.005850532430317704
      ],
      [
        0.0018204359267915571,
        -0.005913680195074121,
        0.9999808570165664
      ]
    ],
    "t": [
      1.2178404011462263,
      -3.1031336147853747,
      -0.22341410716054266
    ],
    "s": 1.0,
    "rpe": {
      "1": {
        "count": 181.0,
        "rmse": 1.9607414680042095,
        "mean": 0.6748998486863962,
        "pstd": 1.8409283795396227,
        "mean_dt": 1.0
      },
      "10": {
        "count": 172.0,
        "rmse": 3.262235246497625,
        "mean": 1.9185237094427312,
        "pstd": 2.6384551502342277,
        "mean_dt": 10.0
      },
      "50": {
        "count": 132.0,
        "rmse": 3.266564532547179,
        "mean": 2.611122833485506,
        "pstd": 1.9627739028593663,
        "mean_dt": 50.0
      }
    }
  },
  "c": {
    "matches": 703,
    "rmse": 1.717791364178297,
    "R": [
      [
        0.9997618473551644,
        -0.021779219473233205,
        -0.0013835360946804045
      ],
      [
        0.021790410738501617,
        0.9997249915984786,
        0.008667131778652866
      ],
      [
        0.001194392245419822,
        -0.008695215498071271,
        0.9999614825855073
      ]
    ],
    "t": [
      0.9700016139279057,
      -2.0557121527182076,
      0.09818960552248912
    ],
    "s": 1.0,
    "rpe": {
      "1": {
        "count": 702.0,
        "rmse": 0.9366669593762698,
        "mean": 0.46675826703820195,
        "pstd": 0.8120847941801906,
        "mean_dt": 1.0
      },
      "10": {
        "count": 693.0,
        "rmse": 1.2009003350107332,
        "mean": 0.9209623220834666,
        "pstd": 0.7707074775370482,
        "mean_dt": 10.0
      },
      "50": {
        "count": 653.0,
        "rmse": 2.091746085350932,
        "mean": 1.9229353109907494,
        "pstd": 0.8232384073437423,
        "mean_dt": 50.0
      }
    }
  },
  "d": {
    "matches": 1062,
    "rmse": 6.277094633505999,
    "R": [
      [
        0.9959116814331535,
        0.09012891022956587,
        -0.006058244450258987
      ],
      [
        -0.0900799579408302,
        0.995903053722773,
        0.007918886476862605
      ],
      [
        0.006747144756603235,
        -0.007340785140975942,
        0.9999502932201918
      ]
    ],
    "t": [
      -3.989704575607419,
      12.11325361177618,
      -1.0648530351423702
    ],
    "s": 1.0,
    "rpe": {
      "1": {
        "count": 1061.0,
        "rmse": 3.21362047928231,
        "mean": 0.6669547529743572,
        "pstd": 3.143648826180743,
        "mean_dt": 1.0
      },
      "10": {
        "count": 1052.0,
        "rmse": 5.43121343530472,
        "mean": 2.0935474331479855,
        "pstd": 5.011500626059419,
        "mean_dt": 10.0
      },
      "50": {
        "count": 1012.0,
        "rmse": 7.503218585970942,
        "mean": 5.102518904963964,
        "pstd": 5.501144423967175,
        "mean_dt": 50.0
      }
    }
  },
  "e": {
    "matches": 533,
    "rmse": 5.224859254858916,
    "R": [
      [
        0.9983734842015087,
        -0.05700795630036674,
        0.0006920706574464483
      ],
      [
        0.056971515081940295,
        0.9980465443845784,
        0.025638676082621024
      ],
      [
        -0.0021523272538517112,
        -0.02555754605702179,
        0.9996710355546646
      ]
    ],
    "t": [
      3.352944632349761,
      -3.598205590715974,
      1.0717199189726614
    ],
    "s": 1.0,
    "rpe": {
      "1": {
        "count": 532.0,
        "rmse": 1.1140176602958738,
        "mean": 0.35840092836045895,
        "pstd": 1.054791032385777,
        "mean_dt": 1.0
      },
      "10": {
        "count": 523.0,
        "rmse": 1.8287178872509913,
        "mean": 1.3658866509792587,
        "pstd": 1.21596166379882,
        "mean_dt": 10.0
      },
      "50": {
        "count": 483.0,
        "rmse": 4.947707112033052,
        "mean": 4.404433604357378,
        "pstd": 2.2540564081827905,
        "mean_dt": 50.0
      }
    }
  }
}