{
  "c": {
    "matches": 249,
    "rmse": 1.9982976223909343,
    "R": [
      [
        0.9999578531005395,
        0.004833108784023799,
        -0.007805964517053177
      ],
      [
        -0.0048827540425364505,
        0.9999678958215137,
        -0.006353427362779701
      ],
      [
        0.007775007107379349,
        0.00639127419031698,
        0.9999493491565983
      ]
    ],
    "t": [
      -0.029618184214292853,
      0.2584883846473218,
      0.21651591027002215
    ],
    "s": 1.0,
    "rpe": {
      "1": {
        "count": 248.0,
        "rmse": 2.543191827530398,
        "mean": 0.40295034865280016,
        "pstd": 2.5110666435078928,
        "mean_dt": 1.0
      },
      "10": {
        "count": 239.0,
        "rmse": 2.032607346332827,
        "mean": 0.8584147476183271,
        "pstd": 1.842448573349482,
        "mean_dt": 10.0
      },
      "50": {
        "count": 199.0,
        "rmse": 2.4921718824962285,
        "mean": 1.621272848907306,
        "pstd": 1.8927215963529296,
        "mean_dt": 50.0
      }
    }
  },
  "b": {
    "matches": 576,
    "rmse": 2.0701751741001746,
    "R": [
      [
        0.9982117935036735,
        0.005156660083813794,
        -0.05955354033942219
      ],
      [
        -0.005624279423307843,
        0.9999546367170418,
        -0.007687131393255785
      ],
      [
        0.05951119887170599,
        0.008008330966476386,
        0.9981955138368355
      ]
    ],
    "t": [
      1.015496210805452,
      -0.8724189785089038,
      -1.954097307739321
    ],
    "s": 1.0,
    "rpe": {
      "1": {
        "count": 575.0,
        "rmse": 1.9475259768384001,
        "mean": 1.2088487511614345,
        "pstd": 1.5269388092768503,
        "mean_dt": 1.0
      },
      "10": {
        "count": 566.0,
        "rmse": 1.625537615851971,
        "mean": 1.225384386205463,
        "pstd": 1.0680850371546131,
        "mean_dt": 10.0
      },
      "50": {
        "count": 526.0,
        "rmse": 2.71604788751119,
        "mean": 2.393474603028042,
        "pstd": 1.2838206463185424,
        "mean_dt": 50.0
      }
    }
  },
  "a": {
    "matches": 216,
    "rmse": 1.5300647440792448,
    "R": [
      [
        0.9991807949267355,
        -0.0036082874369736282,
        -0.04030780707690359
      ],
      [
        0.003846270155858687,
        0.9999756191594555,
        0.005828146579458359
      ],
      [
        0.04028579471060304,
        -0.005978406847620733,
        0.999170312507382
      ]
    ],
    "t": [
      4.1154537280739305,
      -1.5471609147842855,
      3.726467489477443
    ],
    "s": 1.0,
    "rpe": {
      "1": {
        "count": 215.0,
        "rmse": 0.2168633374579143,
        "mean": 0.15008980442957168,
        "pstd": 0.1565335674533682,
        "mean_dt": 1.0
      },
      "10": {
        "count": 206.0,
        "rmse": 1.2249577031232517,
        "mean": 1.025364059792056,
        "pstd": 0.6701864810093884,
        "mean_dt": 10.0
      },
      "50": {
        "count": 166.0,
        "rmse": 2.4495968668995833,
        "mean": 2.1254918573594255,
        "pstd": 1.2177065223702435,
        "mean_dt": 50.0
      }
    }
  }
}