{
  "d": {
    "matches": 1063,
    "rmse": 2.355118904707091,
    "R": [
      [
        0.9998485989347822,
        0.017303633504084585,
        0.0018339781104483224
      ],
      [
        -0.017290458171164723,
        0.9998262031406403,
        -0.0069716260372106945
      ],
      [
        -0.0019542938326880116,
        0.006938860203796839,
        0.9999740161397633
      ]
    ],
    "t": [
      -1.602499080546366,
      1.8031790763466873,
      -0.14555262119242585
    ],
    "s": 1.0,
    "rpe": {
      "1": {
        "count": 1062.0,
        "rmse": 0.6603817652117071,
        "mean": 0.1990035388901305,
        "pstd": 0.6296837836035912,
        "mean_dt": 1.0
      },
      "10": {
        "count": 1053.0,
        "rmse": 1.1865780249799367,
        "mean": 0.7821112782999575,
        "pstd": 0.8923392615599139,
        "mean_dt": 10.0
      },
      "50": {
        "count": 1013.0,
        "rmse": 2.5281382987175327,
        "mean": 2.079656228783116,
        "pstd": 1.437537209092679,
        "mean_dt": 50.0
      }
    }
  },
  "c": {
    "matches": 703,
    "rmse": 1.9381971888856593,
    "R": [
      [
        0.9998875514398359,
        0.014979714095037597,
        -0.0007018840931580857
      ],
      [
        -0.01498524947715438,
        0.9998499728465472,
        -0.008687582912713813
      ],
      [
        0.0005716412832761414,
        0.008697123914763995,
        0.9999620159095316
      ]
    ],
    "t": [
      -0.6806084213312431,
      1.7189012413720377,
      -0.35844750437977035
    ],
    "s": 1.0,
    "rpe": {
      "1": {
        "count": 702.0,
        "rmse": 1.3966302525809173,
        "mean": 0.64309077767639,
        "pstd": 1.239762200622287,
        "mean_dt": 1.0
      },
      "10": {
        "count": 693.0,
        "rmse": 1.4129098759413046,
        "mean": 0.9800084925441808,
        "pstd": 1.0177905836043866,
        "mean_dt": 10.0
      },
      "50": {
        "count": 653.0,
        "rmse": 2.058922416608042,
        "mean": 1.9066680058896366,
        "pstd": 0.7770319381646646,
        "mean_dt": 50.0
      }
    }
  },
  "b": {
    "matches": 188,
    "rmse": 1.525456976448585,
    "R": [
      [
        0.9998748633760896,
        0.015691723202433408,
        -0.002006841195473962
      ],
      [
        -0.015692712847213543,
        0.999876747380314,
        -0.0004783426155743273
      ],
      [
        0.001999087827119812,
        0.0005097755400048781,
        0.9999978718861144
      ]
    ],
    "t": [
      -1.1638418928997183,
      1.3166772875437092,
      -0.2484892950672073
    ],
    "s": 1.0,
    "rpe": {
      "1": {
        "count": 187.0,
        "rmse": 0.5661947169575178,
        "mean": 0.2461733920171368,
        "pstd": 0.5098775525294094,
        "mean_dt": 1.0
      },
      "10": {
        "count": 178.0,
        "rmse": 1.1258038069093195,
        "mean": 1.024069798556561,
        "pstd": 0.46767003253986755,
        "mean_dt": 10.0
      },
      "50": {
        "count": 138.0,
        "rmse": 2.759096254209074,
        "mean": 2.502035911467268,
        "pstd": 1.1629395675264915,
        "mean_dt": 50.0
      }
    }
  },
  "e": {
    "matches": 533,
    "rmse": 3.052173580626107,
    "R": [
      [
        0.9999515938563602,
        0.009059138375956845,
        0.0038395254928177153
      ],
      [
        -0.009059978654748072,
        0.9999589372466194,
        0.00020151274674554825
      ],
      [
        -0.0038375422994720194,
        -0.0002362890112998818,
        0.999992608690986
      ]
    ],
    "t": [
      0.20415192355955014,
      0.924553118070147,
      0.421196905724992
    ],
    "s": 1.0,
    "rpe": {
      "1": {
        "count": 532.0,
        "rmse": 0.3550891630737755,
        "mean": 0.1656167914875331,
        "pstd": 0.3141009266299755,
        "mean_dt": 1.0
      },
      "10": {
        "count": 523.0,
        "rmse": 1.0045637889701802,
        "mean": 0.8499281676215226,
        "pstd": 0.5355095853424531,
        "mean_dt": 10.0
      },
      "50": {
        "count": 483.0,
        "rmse": 3.375762950391483,
        "mean": 2.925218001751048,
        "pstd": 1.6848961806198701,
        "mean_dt": 50.0
      }
    }
  },
  "a": {
    "matches": 1350,
    "rmse": 2.276476775107187,
    "R": [
      [
        0.9999149402632997,
        0.01296514225062904,
        -0.0014203255482253458
      ],
      [
        -0.012975073212594355,
        0.9998897430243053,
        -0.007221445140389547
      ],
      [
        0.0013265418839256329,
        0.007239259714141216,
        0.9999729163359482
      ]
    ],
    "t": [
      -0.7490475225799713,
      1.519701281338385,
      -0.3711405842649329
    ],
    "s": 1.0,
    "rpe": {
      "1": {
        "count": 1349.0,
        "rmse": 0.1548487292304398,
        "mean": 0.09018294779274587,
        "pstd": 0.12587757890781393,
        "mean_dt": 1.0
      },
      "10": {
        "count": 1340.0,
        "rmse": 0.7275903852858004,
        "mean": 0.6308345937020068,
        "pstd": 0.3625403207219337,
        "mean_dt": 10.0
      },
      "50": {
        "count": 1300.0,
        "rmse": 2.2979143464720937,
        "mean": 2.0881141279812856,
        "pstd": 0.9592652043346607,
        "mean_dt": 50.0
      }
    }
  }
}