{
  "a": {
    "matches": 1150,
    "rmse": 3.3280210282155807,
    "R": [
      [
        0.9999999999999999,
        -1.6841725496846705e-16,
        -3.729655473350135e-17
      ],
      [
        -5.850625973274903e-17,
        0.9999999999999994,
        -5.551115123125783e-17
      ],
      [
        2.905661822261152e-17,
        2.0816681711721685e-17,
        0.9999999999999999
      ]
    ],
    "t": [
      -9.947598300641403e-14,
      7.815970093361102e-14,
      3.552713678800501e-15
    ],
    "s": 1.0,
    "rpe": {
      "1": {
        "count": 1149.0,
        "rmse": 0.3777864512868525,
        "mean": 0.12866189929378066,
        "pstd": 0.3552023626695497,
        "mean_dt": 1.0
      },
      "10": {
        "count": 1140.0,
        "rmse": 1.4233947046467925,
        "mean": 0.9858157935775427,
        "pstd": 1.0267520179427994,
        "mean_dt": 10.0
      },
      "50": {
        "count": 1100.0,
        "rmse": 3.8353237850862616,
        "mean": 3.2944973012259715,
        "pstd": 1.96366903236345,
        "mean_dt": 50.0
      }
    }
  },
  "b": {
    "matches": 610,
    "rmse": 2.575421027862751,
    "R": [
      [
        0.9996153337923904,
        -0.027324454089145068,
        -0.004749595336107445
      ],
      [
        0.027347377236354085,
        0.9996143201483004,
        0.00483031186804201
      ],
      [
        0.004615777878008011,
        -0.004958342785670755,
        0.9999770544524512
      ]
    ],
    "t": [
      2.112360670169707,
      -5.424124948672947,
      -1.1507016060510313
    ],
    "s": 1.0,
    "rpe": {
      "1": {
        "count": 609.0,
        "rmse": 0.6426833329059828,
        "mean": 0.1963883971835048,
        "pstd": 0.6119423697104462,
        "mean_dt": 1.0
      },
      "10": {
        "count": 600.0,
        "rmse": 1.1868409402359168,
        "mean": 0.8359976970422861,
        "pstd": 0.8424365067825991,
        "mean_dt": 10.0
      },
      "50": {
        "count": 560.0,
        "rmse": 3.1216988615447443,
        "mean": 2.77895850493762,
        "pstd": 1.4221087897923363,
        "mean_dt": 50.0
      }
    }
  },
  "c": {
    "matches": 1011,
    "rmse": 3.092162531067632,
    "R": [
      [
        0.9999935790754813,
        0.003437588549963042,
        0.0010123204885741238
      ],
      [
        -0.0034337889506485036,
        0.9999871425109954,
        -0.0037314750617592554
      ],
      [
        -0.0010251347486213598,
        0.003727975007331359,
        0.9999925256226128
      ]
    ],
    "t": [
      -0.3086089517538113,
      0.13290671738350568,
      0.2901420250526967
    ],
    "s": 1.0,
    "rpe": {
      "1": {
        "count": 1010.0,
        "rmse": 1.6358365668978225,
        "mean": 0.7052519906770461,
        "pstd": 1.4760016609902966,
        "mean_dt": 1.0
      },
      "10": {
        "count": 1001.0,
        "rmse": 1.7337123864206392,
        "mean": 1.186345398178398,
        "pstd": 1.2642560005984893,
        "mean_dt": 10.0
      },
      "50": {
        "count": 961.0,
        "rmse": 2.9641242290304035,
        "mean": 2.57037238157208,
        "pstd": 1.476217553471225,
        "mean_dt": 50.0
      }
    }
  }
}