{
  "loop_closure_correction": {
    "count": 512,
    "min": 0.025872553000226617,
    "max": 9.690755624993471,
    "mean": 1.695459884278364,
    "median": 1.5452647685160628,
    "p90": 3.149258636799641,
    "p95": 3.8459598701112547,
    "p99": 4.884995811964618,
    "stdev": 1.2192104278259255
  },
  "interface_correction": {
    "count": 5,
    "min": 1.212235862010857,
    "max": 13.613497053011088,
    "mean": 4.565197260206332,
    "median": 1.7522081859933678,
    "p90": 10.087339931010503,
    "p95": 11.850418492010794,
    "p99": 13.260881340811029,
    "stdev": 4.707144661908025
  },
  "loop_closure_correction_stabilised": {
    "count": 0
  },
  "loop_closure_correction_stabilised_params": {
    "epsilon": 0.001,
    "required": 5
  },
  "interface_correction_stabilised": {
    "count": 0
  },
  "interface_correction_stabilised_params": {
    "epsilon": 0.001,
    "required": 5
  },
  "time_to_global_convergence_s": 140.69939756393433,
  "time_to_global_convergence_method": "last_map_broadcast",
  "timeline_start_ts": 1762707683.264689,
  "timeline_end_ts": 1762707823.9640865,
  "delivery_topics": {
    "/cosmo/factor_batch/d": {
      "attempts": 1758.0,
      "drops": 0.0,
      "delivered": 1758.0,
      "delivery_rate": 1.0
    },
    "/cosmo/factor_batch/b": {
      "attempts": 493.0,
      "drops": 0.0,
      "delivered": 493.0,
      "delivery_rate": 1.0
    },
    "/cosmo/factor_batch/e": {
      "attempts": 829.0,
      "drops": 0.0,
      "delivered": 829.0,
      "delivery_rate": 1.0
    },
    "/cosmo/factor_batch/c": {
      "attempts": 945.0,
      "drops": 0.0,
      "delivered": 945.0,
      "delivery_rate": 1.0
    },
    "/cosmo/factor_batch/a": {
      "attempts": 2326.0,
      "drops": 0.0,
      "delivered": 2326.0,
      "delivery_rate": 1.0
    }
  },
  "delivery_rate": {
    "count": 5,
    "min": 1.0,
    "max": 1.0,
    "mean": 1.0,
    "median": 1.0,
    "p90": 1.0,
    "p95": 1.0,
    "p99": 1.0,
    "stdev": 0.0
  }
}