{
  "a": {
    "matches": 49,
    "rmse": 11.605024148591411,
    "R": [
      [
        1.0000000000000009,
        -1.109138822452671e-16,
        1.0408340855860843e-17
      ],
      [
        2.7430314963883262e-17,
        1.0000000000000007,
        -1.734723475976807e-17
      ],
      [
        -2.42861286636753e-17,
        -7.979727989493313e-17,
        0.9999999999999998
      ]
    ],
    "t": [
      -1.1368683772161603e-13,
      -4.263256414560601e-14,
      6.217248937900877e-15
    ],
    "s": 1.0,
    "rpe": {
      "1": {
        "count": 48.0,
        "rmse": 12.4140715260492,
        "mean": 6.892967235332089,
        "pstd": 10.324542340777333,
        "mean_dt": 1.0
      },
      "10": {
        "count": 39.0,
        "rmse": 16.96201125953951,
        "mean": 12.969111192249109,
        "pstd": 10.932153532210563,
        "mean_dt": 10.0
      }
    }
  },
  "b": {
    "matches": 618,
    "rmse": 43.59487081762992,
    "R": [
      [
        0.9476773280449501,
        -0.3165417954789989,
        -0.04133973420955296
      ],
      [
        0.3188222265999343,
        0.9450396423233383,
        0.07247387296975957
      ],
      [
        0.016126677755973203,
        -0.08186187239678998,
        0.9965132031800914
      ]
    ],
    "t": [
      62.003737701855314,
      -20.34141245580051,
      3.603625370830118
    ],
    "s": 1.0,
    "rpe": {
      "1": {
        "count": 617.0,
        "rmse": 35.33131547511108,
        "mean": 20.392236840358883,
        "pstd": 28.852357440052188,
        "mean_dt": 1.0
      },
      "10": {
        "count": 608.0,
        "rmse": 53.93908994918017,
        "mean": 41.024896908173304,
        "pstd": 35.019755256419224,
        "mean_dt": 10.0
      },
      "50": {
        "count": 568.0,
        "rmse": 62.22426924852686,
        "mean": 51.87649850135542,
        "pstd": 34.36114938054366,
        "mean_dt": 50.0
      }
    }
  },
  "c": {
    "matches": 1762,
    "rmse": 5.901870742241401,
    "R": [
      [
        0.9915619738524707,
        0.06982276297063744,
        -0.10922286290396117
      ],
      [
        -0.06872863734814816,
        0.9975405659695236,
        0.013754768390263843
      ],
      [
        0.10991463241105857,
        -0.006131966760280744,
        0.9939221159455065
      ]
    ],
    "t": [
      9.559329821345628,
      -13.320207927660343,
      -0.27636761659961673
    ],
    "s": 1.0,
    "rpe": {
      "1": {
        "count": 1761.0,
        "rmse": 5.269225490174392,
        "mean": 3.0103216231862717,
        "pstd": 4.324661951098695,
        "mean_dt": 1.0
      },
      "10": {
        "count": 1752.0,
        "rmse": 5.181950974314659,
        "mean": 3.269346324354751,
        "pstd": 4.020446556245796,
        "mean_dt": 10.0
      },
      "50": {
        "count": 1712.0,
        "rmse": 6.750865110160957,
        "mean": 5.622241553773096,
        "pstd": 3.7369211453569133,
        "mean_dt": 50.0
      }
    }
  },
  "d": {
    "matches": 1913,
    "rmse": 5.984458277173684,
    "R": [
      [
        0.9920067243362538,
        0.07130024688168338,
        -0.10411019962649132
      ],
      [
        -0.06985819378455015,
        0.9974045201225489,
        0.01743720161808142
      ],
      [
        0.10508326047861813,
        -0.01002487075828815,
        0.9944128973084889
      ]
    ],
    "t": [
      12.952939807837737,
      -16.286215068173888,
      -0.5433136764763855
    ],
    "s": 1.0,
    "rpe": {
      "1": {
        "count": 1912.0,
        "rmse": 1.7917890512216843,
        "mean": 0.4227818618477418,
        "pstd": 1.7411959974024924,
        "mean_dt": 1.0
      },
      "10": {
        "count": 1903.0,
        "rmse": 2.290408172981859,
        "mean": 1.3554735482202795,
        "pstd": 1.8462559570485402,
        "mean_dt": 10.0
      },
      "50": {
        "count": 1863.0,
        "rmse": 4.652028241882877,
        "mean": 3.9384797440798702,
        "pstd": 2.475831995259065,
        "mean_dt": 50.0
      }
    }
  }
}