{
  "loop_closure_correction": {
    "count": 367,
    "min": 0.043444277020171285,
    "max": 34.6225149819802,
    "mean": 7.295511392409575,
    "median": 6.667092449002666,
    "p90": 14.435766026395154,
    "p95": 19.460639772686406,
    "p99": 22.090960608655003,
    "stdev": 5.631884023963169
  },
  "interface_correction": {
    "count": 3,
    "min": 8.232001292984933,
    "max": 10.529064834001474,
    "mean": 9.662825051995847,
    "median": 10.227409029001137,
    "p90": 10.468733673001406,
    "p95": 10.49889925350144,
    "p99": 10.523031717901468,
    "stdev": 1.0192126137972701
  },
  "loop_closure_correction_stabilised": {
    "count": 0
  },
  "loop_closure_correction_stabilised_params": {
    "epsilon": 0.001,
    "required": 5
  },
  "interface_correction_stabilised": {
    "count": 0
  },
  "interface_correction_stabilised_params": {
    "epsilon": 0.001,
    "required": 5
  },
  "time_to_global_convergence_s": 169.4294557571411,
  "time_to_global_convergence_method": "last_map_broadcast",
  "timeline_start_ts": 1762708018.4036818,
  "timeline_end_ts": 1762708187.8331375,
  "delivery_topics": {
    "/cosmo/factor_batch/c": {
      "attempts": 581.0,
      "drops": 0.0,
      "delivered": 581.0,
      "delivery_rate": 1.0
    },
    "/cosmo/factor_batch/b": {
      "attempts": 1094.0,
      "drops": 0.0,
      "delivered": 1094.0,
      "delivery_rate": 1.0
    },
    "/cosmo/factor_batch/a": {
      "attempts": 368.0,
      "drops": 0.0,
      "delivered": 368.0,
      "delivery_rate": 1.0
    }
  },
  "delivery_rate": {
    "count": 3,
    "min": 1.0,
    "max": 1.0,
    "mean": 1.0,
    "median": 1.0,
    "p90": 1.0,
    "p95": 1.0,
    "p99": 1.0,
    "stdev": 0.0
  }
}