{
  "a": {
    "matches": 1341,
    "rmse": 2.246500130956298,
    "R": [
      [
        0.9999515026104905,
        0.009822000526069581,
        0.0007216181043306269
      ],
      [
        -0.009819606767831236,
        0.9999465080141561,
        -0.003249066515259816
      ],
      [
        -0.0007534918365673235,
        0.0032418229379944166,
        0.9999944614017074
      ]
    ],
    "t": [
      -1.5887309819198947,
      1.6895521978924535,
      -0.054621588116215314
    ],
    "s": 1.0,
    "rpe": {
      "1": {
        "count": 1340.0,
        "rmse": 0.16577566599311147,
        "mean": 0.09300820086185542,
        "pstd": 0.13722625844895855,
        "mean_dt": 1.0
      },
      "10": {
        "count": 1331.0,
        "rmse": 0.7900576633785049,
        "mean": 0.6589156721594577,
        "pstd": 0.4359142673115355,
        "mean_dt": 10.0
      },
      "50": {
        "count": 1291.0,
        "rmse": 2.2840366165512274,
        "mean": 2.0057114156855858,
        "pstd": 1.0926778952350493,
        "mean_dt": 50.0
      }
    }
  },
  "b": {
    "matches": 620,
    "rmse": 2.3099532979834634,
    "R": [
      [
        0.9999432401093222,
        0.010526930045387293,
        0.0016432600193594122
      ],
      [
        -0.010525603201411495,
        0.999944272974051,
        -0.0008140169805319897
      ],
      [
        -0.001651737545175485,
        0.0007966744740966827,
        0.9999983185350185
      ]
    ],
    "t": [
      -1.57317178627045,
      1.6092026942926765,
      -0.11323329664879056
    ],
    "s": 1.0,
    "rpe": {
      "1": {
        "count": 619.0,
        "rmse": 0.4728892943071116,
        "mean": 0.14810918289624858,
        "pstd": 0.44909682097748543,
        "mean_dt": 1.0
      },
      "10": {
        "count": 610.0,
        "rmse": 0.8787623178880957,
        "mean": 0.6855565825318003,
        "pstd": 0.5497593869024684,
        "mean_dt": 10.0
      },
      "50": {
        "count": 570.0,
        "rmse": 2.3914608707978138,
        "mean": 2.186621935267182,
        "pstd": 0.9683850519113965,
        "mean_dt": 50.0
      }
    }
  },
  "c": {
    "matches": 1064,
    "rmse": 2.610770687284629,
    "R": [
      [
        0.9999638970658705,
        0.008376807291169177,
        0.0014260660723518516
      ],
      [
        -0.00837203486168639,
        0.9999594415739506,
        -0.0033202770045688834
      ],
      [
        -0.0014538215539770878,
        0.0033082180579540946,
        0.9999934710267712
      ]
    ],
    "t": [
      -1.3244389809726158,
      1.4393157772852447,
      0.0419177204220631
    ],
    "s": 1.0,
    "rpe": {
      "1": {
        "count": 1063.0,
        "rmse": 0.5698360334879544,
        "mean": 0.20314019676648512,
        "pstd": 0.5323975634044156,
        "mean_dt": 1.0
      },
      "10": {
        "count": 1054.0,
        "rmse": 1.0562305344379117,
        "mean": 0.8191417099866969,
        "pstd": 0.6668056694712983,
        "mean_dt": 10.0
      },
      "50": {
        "count": 1014.0,
        "rmse": 2.547382359214202,
        "mean": 2.200496083737646,
        "pstd": 1.2833447975859804,
        "mean_dt": 50.0
      }
    }
  },
  "d": {
    "matches": 530,
    "rmse": 3.145915984169885,
    "R": [
      [
        0.9999849439809474,
        0.005351548110332677,
        0.0012135667450639638
      ],
      [
        -0.00535235770286797,
        0.9999854550118534,
        0.0006648546878594286
      ],
      [
        -0.0012099910919015824,
        -0.0006713401211104648,
        0.999999042611541
      ]
    ],
    "t": [
      0.4742726271932156,
      0.5113248756484019,
      0.050180625727940686
    ],
    "s": 1.0,
    "rpe": {
      "1": {
        "count": 529.0,
        "rmse": 0.6939787441325973,
        "mean": 0.19687404064122535,
        "pstd": 0.6654675870614993,
        "mean_dt": 1.0
      },
      "10": {
        "count": 520.0,
        "rmse": 1.1063147134661684,
        "mean": 0.8819718041717999,
        "pstd": 0.6678757233779883,
        "mean_dt": 10.0
      },
      "50": {
        "count": 480.0,
        "rmse": 3.227323089555655,
        "mean": 2.9797918887870756,
        "pstd": 1.239538068756991,
        "mean_dt": 50.0
      }
    }
  }
}