{
  "d": {
    "matches": 1062,
    "rmse": 2.6256126599654217,
    "R": [
      [
        0.9998746386036298,
        0.015831125275074492,
        -0.0002873147869869176
      ],
      [
        -0.0158332407591954,
        0.9998219532330118,
        -0.010265004646260706
      ],
      [
        0.00012475705701381237,
        0.010268266935140574,
        0.9999472721748011
      ]
    ],
    "t": [
      -1.2278229681100044,
      2.62087360925333,
      -0.07444527423681002
    ],
    "s": 1.0,
    "rpe": {
      "1": {
        "count": 1061.0,
        "rmse": 0.711353927004737,
        "mean": 0.23004085997582088,
        "pstd": 0.6731311998463935,
        "mean_dt": 1.0
      },
      "10": {
        "count": 1052.0,
        "rmse": 1.0899391364256974,
        "mean": 0.7907908683135287,
        "pstd": 0.7500780784053955,
        "mean_dt": 10.0
      },
      "50": {
        "count": 1012.0,
        "rmse": 2.444155649357724,
        "mean": 2.161783612804633,
        "pstd": 1.1404334481663665,
        "mean_dt": 50.0
      }
    }
  },
  "b": {
    "matches": 265,
    "rmse": 1.6830752169316012,
    "R": [
      [
        0.999929361162472,
        0.011644278731079082,
        -0.0023840004287650667
      ],
      [
        -0.011647222480512922,
        0.9999314188610674,
        -0.0012246562709857037
      ],
      [
        0.0023695766923313355,
        0.001252336746077845,
        0.9999964083730367
      ]
    ],
    "t": [
      -1.2320046662094342,
      1.9194298697251355,
      -0.24548114560075351
    ],
    "s": 1.0,
    "rpe": {
      "1": {
        "count": 264.0,
        "rmse": 0.5202944430714681,
        "mean": 0.18015203610002606,
        "pstd": 0.48811018364716,
        "mean_dt": 1.0
      },
      "10": {
        "count": 255.0,
        "rmse": 0.9559920971644874,
        "mean": 0.8043752790619437,
        "pstd": 0.516624912557433,
        "mean_dt": 10.0
      },
      "50": {
        "count": 215.0,
        "rmse": 2.8819577895120454,
        "mean": 2.7338958699934044,
        "pstd": 0.9118629680835594,
        "mean_dt": 50.0
      }
    }
  },
  "e": {
    "matches": 529,
    "rmse": 2.993075609318451,
    "R": [
      [
        0.9999598820568558,
        0.008804613234757593,
        0.0016471377068425228
      ],
      [
        -0.00880477673530312,
        0.9999612329663552,
        9.20382976136655e-05
      ],
      [
        -0.0016462634905863565,
        -0.0001065372849875304,
        0.9999986392322375
      ]
    ],
    "t": [
      -0.0848924752277469,
      1.2093914310951988,
      0.24015795539225682
    ],
    "s": 1.0,
    "rpe": {
      "1": {
        "count": 528.0,
        "rmse": 0.6001664391179713,
        "mean": 0.16933209486667988,
        "pstd": 0.5757832893473092,
        "mean_dt": 1.0
      },
      "10": {
        "count": 519.0,
        "rmse": 1.0992097236592069,
        "mean": 0.8139059873191616,
        "pstd": 0.7387956824406671,
        "mean_dt": 10.0
      },
      "50": {
        "count": 479.0,
        "rmse": 3.191657552248995,
        "mean": 2.660124735286971,
        "pstd": 1.7636366756059665,
        "mean_dt": 50.0
      }
    }
  },
  "c": {
    "matches": 624,
    "rmse": 1.8520960333123553,
    "R": [
      [
        0.9999536545310964,
        0.009093513866382286,
        -0.003161770938271926
      ],
      [
        -0.009120529251565795,
        0.9999211006582036,
        -0.00863761568135079
      ],
      [
        0.003082975198655131,
        0.008666052391331114,
        0.9999576965051445
      ]
    ],
    "t": [
      -0.9308542775514042,
      1.6017392689589087,
      -0.7087733799607565
    ],
    "s": 1.0,
    "rpe": {
      "1": {
        "count": 623.0,
        "rmse": 0.25913153565051106,
        "mean": 0.10803887197121176,
        "pstd": 0.23553503966879374,
        "mean_dt": 1.0
      },
      "10": {
        "count": 614.0,
        "rmse": 0.6496714767573577,
        "mean": 0.5596474281531201,
        "pstd": 0.32995118407680296,
        "mean_dt": 10.0
      },
      "50": {
        "count": 574.0,
        "rmse": 2.0074335444008464,
        "mean": 1.833971154358101,
        "pstd": 0.8162960493400424,
        "mean_dt": 50.0
      }
    }
  },
  "a": {
    "matches": 1357,
    "rmse": 3.7618155707095684,
    "R": [
      [
        0.9999011647181326,
        0.002522364744297653,
        0.013831069062738031
      ],
      [
        -0.0022760777216267263,
        0.9998390886404901,
        -0.017793715091552986
      ],
      [
        -0.013873725726228674,
        0.017760475856546484,
        0.9997460103605428
      ]
    ],
    "t": [
      -0.3554110796276575,
      1.771237654118508,
      0.4711812037239911
    ],
    "s": 1.0,
    "rpe": {
      "1": {
        "count": 1356.0,
        "rmse": 0.14489955598401105,
        "mean": 0.10287568143966759,
        "pstd": 0.10204153807488181,
        "mean_dt": 1.0
      },
      "10": {
        "count": 1347.0,
        "rmse": 0.900555529929726,
        "mean": 0.7899606402170628,
        "pstd": 0.4323915463961534,
        "mean_dt": 10.0
      },
      "50": {
        "count": 1307.0,
        "rmse": 3.4060857795321575,
        "mean": 2.91902755197826,
        "pstd": 1.7551918665271342,
        "mean_dt": 50.0
      }
    }
  }
}