{
  "a": {
    "matches": 567,
    "rmse": 12.82108197133893,
    "R": [
      [
        1.0,
        -1.1926223897340549e-18,
        1.0408340855860843e-17
      ],
      [
        -5.627009275199768e-17,
        1.0000000000000002,
        -1.3877787807814457e-17
      ],
      [
        0.0,
        2.7755575615628914e-17,
        1.0
      ]
    ],
    "t": [
      4.263256414560601e-14,
      1.4210854715202004e-14,
      -3.552713678800501e-14
    ],
    "s": 1.0,
    "rpe": {
      "1": {
        "count": 566.0,
        "rmse": 3.5100134435650276,
        "mean": 0.951880076027726,
        "pstd": 3.378478754538597,
        "mean_dt": 1.0
      },
      "10": {
        "count": 557.0,
        "rmse": 10.28639742669363,
        "mean": 7.044728400107072,
        "pstd": 7.495450205865847,
        "mean_dt": 10.0
      },
      "50": {
        "count": 517.0,
        "rmse": 20.735684233425445,
        "mean": 17.406780555218397,
        "pstd": 11.268211540914535,
        "mean_dt": 50.0
      }
    }
  },
  "b": {
    "matches": 387,
    "rmse": 17739.20828053763,
    "R": [
      [
        -0.9139096311946336,
        0.3824565280172906,
        0.13600069921382407
      ],
      [
        0.40299924934084375,
        0.8950011424056801,
        0.19121861866263068
      ],
      [
        -0.04858797217837177,
        0.2295647169525129,
        -0.9720798576712237
      ]
    ],
    "t": [
      -3920.883966597717,
      2092.730708394556,
      156.1085839943145
    ],
    "s": 1.0,
    "rpe": {
      "1": {
        "count": 386.0,
        "rmse": 5413.371779288058,
        "mean": 393.9171144431612,
        "pstd": 5399.020589675607,
        "mean_dt": 1.0
      },
      "10": {
        "count": 377.0,
        "rmse": 17321.465625510802,
        "mean": 4022.349302075161,
        "pstd": 16847.963601214477,
        "mean_dt": 10.0
      },
      "50": {
        "count": 337.0,
        "rmse": 27763.086789784957,
        "mean": 10364.583587138133,
        "pstd": 25755.86137488628,
        "mean_dt": 50.0
      }
    }
  },
  "c": {
    "matches": 484,
    "rmse": 13751.647336080845,
    "R": [
      [
        0.6690149906479361,
        0.7380875532067328,
        -0.08743972832552008
      ],
      [
        -0.7417444676370625,
        0.6705058868769918,
        -0.015394817085972588
      ],
      [
        0.047266129714135297,
        0.07515729814594092,
        0.9960508488612658
      ]
    ],
    "t": [
      1888.2870086182786,
      -1591.100995946754,
      0.8294387225992708
    ],
    "s": 1.0,
    "rpe": {
      "1": {
        "count": 483.0,
        "rmse": 8844.614770759828,
        "mean": 992.8294957406937,
        "pstd": 8788.71435623722,
        "mean_dt": 1.0
      },
      "10": {
        "count": 474.0,
        "rmse": 17482.32857832683,
        "mean": 3873.3789249797132,
        "pstd": 17047.837054128195,
        "mean_dt": 10.0
      },
      "50": {
        "count": 434.0,
        "rmse": 18664.548535955488,
        "mean": 4454.820080689356,
        "pstd": 18125.11931270316,
        "mean_dt": 50.0
      }
    }
  },
  "d": {
    "matches": 585,
    "rmse": 6.387773653061273,
    "R": [
      [
        0.9997102901986452,
        0.011975285392102677,
        0.020878893905537235
      ],
      [
        -0.01350554283066049,
        0.9971099226988197,
        0.07476230579914464
      ],
      [
        -0.019923252339670648,
        -0.07502262722228065,
        0.9969827829109569
      ]
    ],
    "t": [
      -2.441863502002615,
      0.8389357192965057,
      0.3994668129131469
    ],
    "s": 1.0,
    "rpe": {
      "1": {
        "count": 584.0,
        "rmse": 5.4368679352843,
        "mean": 2.8485184988721715,
        "pstd": 4.630925966510973,
        "mean_dt": 1.0
      },
      "10": {
        "count": 575.0,
        "rmse": 5.637052453828386,
        "mean": 3.928165400833582,
        "pstd": 4.043003456702284,
        "mean_dt": 10.0
      },
      "50": {
        "count": 535.0,
        "rmse": 9.569158471472907,
        "mean": 7.692207902626264,
        "pstd": 5.691988355130017,
        "mean_dt": 50.0
      }
    }
  }
}