{
  "c": {
    "matches": 510,
    "rmse": 2.611006014581311,
    "R": [
      [
        0.999176710905555,
        -0.013087674065198906,
        0.0384006923312495
      ],
      [
        0.015769149311794295,
        0.9973957211011826,
        -0.07037833089122673
      ],
      [
        -0.03737959756255413,
        0.07092593542996652,
        0.9967809575676322
      ]
    ],
    "t": [
      -1.8809845593594616,
      -0.8535155847860949,
      1.250801020336695
    ],
    "s": 1.0,
    "rpe": {
      "1": {
        "count": 509.0,
        "rmse": 1.4076860029905205,
        "mean": 0.48288163302295006,
        "pstd": 1.3222727447484182,
        "mean_dt": 1.0
      },
      "10": {
        "count": 500.0,
        "rmse": 1.9740982958263087,
        "mean": 1.2182685891621896,
        "pstd": 1.5533466214097564,
        "mean_dt": 10.0
      },
      "50": {
        "count": 460.0,
        "rmse": 3.024786406397946,
        "mean": 2.6749847432680407,
        "pstd": 1.4120160861735993,
        "mean_dt": 50.0
      }
    }
  },
  "b": {
    "matches": 431,
    "rmse": 1.1231819503298623,
    "R": [
      [
        0.999954718689922,
        0.0008835918594676043,
        -0.009475222170754815
      ],
      [
        -0.0008675995923309496,
        0.9999981925803418,
        0.0016917762847282955
      ],
      [
        0.009476699884805232,
        -0.0016834789799891545,
        0.999953677956043
      ]
    ],
    "t": [
      0.34265428326314407,
      -0.2818839841531984,
      -1.5564709205443137
    ],
    "s": 1.0,
    "rpe": {
      "1": {
        "count": 430.0,
        "rmse": 0.48635934436470635,
        "mean": 0.2444706846291754,
        "pstd": 0.4204515384771582,
        "mean_dt": 1.0
      },
      "10": {
        "count": 421.0,
        "rmse": 0.8496577411788679,
        "mean": 0.6311104014876772,
        "pstd": 0.5688742728224218,
        "mean_dt": 10.0
      },
      "50": {
        "count": 381.0,
        "rmse": 1.6641092952160095,
        "mean": 1.5680958264816485,
        "pstd": 0.5570773962342755,
        "mean_dt": 50.0
      }
    }
  },
  "d": {
    "matches": 544,
    "rmse": 1.973307245099127,
    "R": [
      [
        0.9999979296822217,
        0.00012937880891513462,
        -0.0020307369092595617
      ],
      [
        -0.00014019820950796416,
        0.9999857931775712,
        -0.005328582127210879
      ],
      [
        0.0020300186533320635,
        0.005328855801031242,
        0.9999837410278826
      ]
    ],
    "t": [
      0.13692644527129083,
      -0.29802016612343074,
      -1.6270629416126638
    ],
    "s": 1.0,
    "rpe": {
      "1": {
        "count": 543.0,
        "rmse": 1.7356137332598116,
        "mean": 0.8622359612431254,
        "pstd": 1.5062882122021681,
        "mean_dt": 1.0
      },
      "10": {
        "count": 534.0,
        "rmse": 2.0587803043820823,
        "mean": 1.1668604110791267,
        "pstd": 1.696176029416709,
        "mean_dt": 10.0
      },
      "50": {
        "count": 494.0,
        "rmse": 2.664065631721775,
        "mean": 2.093475260168905,
        "pstd": 1.6476064533686052,
        "mean_dt": 50.0
      }
    }
  },
  "a": {
    "matches": 551,
    "rmse": 3.7420197238807797,
    "R": [
      [
        0.9998265035893249,
        -0.004261498331162662,
        0.018132907994016345
      ],
      [
        0.005247959530282916,
        0.9984886769862628,
        -0.05470668013132387
      ],
      [
        -0.01787237088677592,
        0.05479234948600008,
        0.998337806955486
      ]
    ],
    "t": [
      -0.5958380643163395,
      -0.020675989030820574,
      -1.2793838715551047
    ],
    "s": 1.0,
    "rpe": {
      "1": {
        "count": 550.0,
        "rmse": 0.22913549572495304,
        "mean": 0.14804303494686882,
        "pstd": 0.17488949426663722,
        "mean_dt": 1.0
      },
      "10": {
        "count": 541.0,
        "rmse": 1.2178610028963983,
        "mean": 1.0693378871756305,
        "pstd": 0.5828395194447429,
        "mean_dt": 10.0
      },
      "50": {
        "count": 501.0,
        "rmse": 3.8840995096700475,
        "mean": 3.523332185452992,
        "pstd": 1.6347352421631314,
        "mean_dt": 50.0
      }
    }
  }
}