{
  "a": {
    "matches": 329,
    "rmse": 0.9299932028317653,
    "R": [
      [
        0.9999999999999999,
        7.546047120499111e-17,
        -6.938893903907228e-18
      ],
      [
        -1.463672932855431e-16,
        0.9999999999999994,
        -2.42861286636753e-17
      ],
      [
        6.938893903907228e-18,
        0.0,
        1.0000000000000002
      ]
    ],
    "t": [
      -8.171241461241152e-14,
      -5.684341886080802e-14,
      -1.7763568394002505e-15
    ],
    "s": 1.0,
    "rpe": {
      "1": {
        "count": 328.0,
        "rmse": 0.21566295827969795,
        "mean": 0.09844672263193129,
        "pstd": 0.19188213668026088,
        "mean_dt": 1.0
      },
      "10": {
        "count": 319.0,
        "rmse": 0.7945066462044885,
        "mean": 0.571162322206218,
        "pstd": 0.5522810992195054,
        "mean_dt": 10.0
      },
      "50": {
        "count": 279.0,
        "rmse": 1.3973136901555727,
        "mean": 1.161775533709816,
        "pstd": 0.7763782312568124,
        "mean_dt": 50.0
      }
    }
  },
  "b": {
    "matches": 530,
    "rmse": 3.3583287207863735,
    "R": [
      [
        0.9999512986158429,
        0.009752772133136169,
        -0.0015112353253488205
      ],
      [
        -0.00974191363592068,
        0.9999278116085955,
        0.0070332560280120734
      ],
      [
        0.0015797199750968716,
        -0.007018191174685259,
        0.9999741244039445
      ]
    ],
    "t": [
      -2.4216683889951014,
      0.2655839471466095,
      3.478810786526883
    ],
    "s": 1.0,
    "rpe": {
      "1": {
        "count": 529.0,
        "rmse": 1.1866340135735074,
        "mean": 0.43939276050769294,
        "pstd": 1.102285935763947,
        "mean_dt": 1.0
      },
      "10": {
        "count": 520.0,
        "rmse": 1.8221338875109574,
        "mean": 1.2796028329525393,
        "pstd": 1.2972233785727243,
        "mean_dt": 10.0
      },
      "50": {
        "count": 480.0,
        "rmse": 4.681824981266233,
        "mean": 4.0496873975150205,
        "pstd": 2.3493652627074826,
        "mean_dt": 50.0
      }
    }
  },
  "c": {
    "matches": 164,
    "rmse": 0.47147785507109563,
    "R": [
      [
        0.9990874170401015,
        0.040551051422626896,
        -0.013414370676915515
      ],
      [
        -0.040514478028925265,
        0.9991744862596521,
        0.0029871521229314253
      ],
      [
        0.013524429088947808,
        -0.0024409498727436772,
        0.9999055613314375
      ]
    ],
    "t": [
      -6.1647104077089985,
      1.832738451541701,
      2.2217481346830956
    ],
    "s": 1.0,
    "rpe": {
      "1": {
        "count": 163.0,
        "rmse": 0.14673332239752104,
        "mean": 0.10366553260626335,
        "pstd": 0.10384664294658061,
        "mean_dt": 1.0
      },
      "10": {
        "count": 154.0,
        "rmse": 0.4851004606094312,
        "mean": 0.4503752572445856,
        "pstd": 0.18023480392353652,
        "mean_dt": 10.0
      },
      "50": {
        "count": 114.0,
        "rmse": 0.746399377243656,
        "mean": 0.6762507140674788,
        "pstd": 0.31590663505685146,
        "mean_dt": 50.0
      }
    }
  }
}