{
  "loop_closure_correction": {
    "count": 0
  },
  "interface_correction": {
    "count": 1063,
    "min": 1.430511474609375e-06,
    "max": 0.45147705078125,
    "mean": 0.13296609875848578,
    "median": 0.04026484489440918,
    "p90": 0.4446375370025635,
    "p95": 0.4498214960098265,
    "p99": 0.45147705078125,
    "stdev": 0.17256721455208412
  },
  "loop_closure_correction_stabilised": {
    "count": 0
  },
  "loop_closure_correction_stabilised_params": {
    "epsilon": 0.001,
    "required": 5
  },
  "interface_correction_stabilised": {
    "count": 0
  },
  "interface_correction_stabilised_params": {
    "epsilon": 0.001,
    "required": 5
  },
  "time_to_global_convergence_s": 236.50247311592102,
  "time_to_global_convergence_method": "last_map_broadcast",
  "timeline_start_ts": 1762708902.7305603,
  "timeline_end_ts": 1762709139.2330334,
  "delivery_topics": {
    "/cosmo/iface/run_d8afe954/c": {
      "attempts": 231.0,
      "drops": 0.0,
      "delivered": 231.0,
      "delivery_rate": 1.0
    },
    "/cosmo/iface/run_d8afe954/b": {
      "attempts": 670.0,
      "drops": 0.0,
      "delivered": 670.0,
      "delivery_rate": 1.0
    }
  },
  "delivery_rate": {
    "count": 2,
    "min": 1.0,
    "max": 1.0,
    "mean": 1.0,
    "median": 1.0,
    "p90": 1.0,
    "p95": 1.0,
    "p99": 1.0,
    "stdev": 0.0
  }
}