{
  "a": {
    "matches": 1328,
    "rmse": 2.7336955659724986,
    "R": [
      [
        0.9998731829922755,
        0.013539982643752009,
        -0.008383722496691202
      ],
      [
        -0.013640487476728708,
        0.9998343624058253,
        -0.012049267775795743
      ],
      [
        0.008219186960512407,
        0.012162097785435609,
        0.999892258367453
      ]
    ],
    "t": [
      -2.4621104565771077,
      2.466061837839419,
      -1.6222830262730836
    ],
    "s": 1.0,
    "rpe": {
      "1": {
        "count": 1327.0,
        "rmse": 0.1954811357203839,
        "mean": 0.1002702892661965,
        "pstd": 0.16780567187376133,
        "mean_dt": 1.0
      },
      "10": {
        "count": 1318.0,
        "rmse": 0.8934988991479099,
        "mean": 0.7379893598617231,
        "pstd": 0.5036983100124621,
        "mean_dt": 10.0
      },
      "50": {
        "count": 1278.0,
        "rmse": 2.7172024468844223,
        "mean": 2.3558751321763904,
        "pstd": 1.3538986294946789,
        "mean_dt": 50.0
      }
    }
  },
  "c": {
    "matches": 1093,
    "rmse": 2.758494355003315,
    "R": [
      [
        0.9998634432973357,
        0.01443502925739662,
        -0.008045165500698722
      ],
      [
        -0.014531208602270484,
        0.9998220755918628,
        -0.012027515775793779
      ],
      [
        0.007870116527271265,
        0.012142779316028647,
        0.9998953016072879
      ]
    ],
    "t": [
      -2.2352705183950263,
      2.084874084016896,
      -1.6330203826493683
    ],
    "s": 1.0,
    "rpe": {
      "1": {
        "count": 1092.0,
        "rmse": 1.2940628460478223,
        "mean": 0.523329880171578,
        "pstd": 1.183522068252633,
        "mean_dt": 1.0
      },
      "10": {
        "count": 1083.0,
        "rmse": 1.5000186711773635,
        "mean": 1.0360727758004167,
        "pstd": 1.0847161919718555,
        "mean_dt": 10.0
      },
      "50": {
        "count": 1043.0,
        "rmse": 2.611792629188781,
        "mean": 2.2775320461816677,
        "pstd": 1.2784007652142557,
        "mean_dt": 50.0
      }
    }
  },
  "b": {
    "matches": 614,
    "rmse": 2.7771713486854304,
    "R": [
      [
        0.9998648107489686,
        0.014423753483190832,
        -0.007894020609620456
      ],
      [
        -0.014525000125432739,
        0.9998110010966647,
        -0.012922323995360016
      ],
      [
        0.00770614023264332,
        0.01303523768640242,
        0.999885342417406
      ]
    ],
    "t": [
      -2.2094245632769685,
      1.9658747125147897,
      -1.737992395549167
    ],
    "s": 1.0,
    "rpe": {
      "1": {
        "count": 613.0,
        "rmse": 0.5839752895356539,
        "mean": 0.18413254441357294,
        "pstd": 0.5541862005463819,
        "mean_dt": 1.0
      },
      "10": {
        "count": 604.0,
        "rmse": 0.8890071500518131,
        "mean": 0.7150178547311188,
        "pstd": 0.5282832386693295,
        "mean_dt": 10.0
      },
      "50": {
        "count": 564.0,
        "rmse": 2.429115996767202,
        "mean": 2.3060910570447395,
        "pstd": 0.7632486897260911,
        "mean_dt": 50.0
      }
    }
  }
}