{
  "loop_closure_correction": {
    "count": 0
  },
  "interface_correction": {
    "count": 809,
    "min": 2.384185791015625e-05,
    "max": 0.5756402015686035,
    "mean": 0.13783541656984535,
    "median": 0.037535667419433594,
    "p90": 0.5713684558868408,
    "p95": 0.5756402015686035,
    "p99": 0.5756402015686035,
    "stdev": 0.20151646320535463
  },
  "loop_closure_correction_stabilised": {
    "count": 0
  },
  "loop_closure_correction_stabilised_params": {
    "epsilon": 0.001,
    "required": 5
  },
  "interface_correction_stabilised": {
    "count": 0
  },
  "interface_correction_stabilised_params": {
    "epsilon": 0.001,
    "required": 5
  },
  "time_to_global_convergence_s": 169.29437065124512,
  "time_to_global_convergence_method": "last_map_broadcast",
  "timeline_start_ts": 1762708528.162909,
  "timeline_end_ts": 1762708697.4572797,
  "delivery_topics": {
    "/cosmo/iface/run_d36db135/b": {
      "attempts": 577.0,
      "drops": 0.0,
      "delivered": 577.0,
      "delivery_rate": 1.0
    },
    "/cosmo/iface/run_d36db135/c": {
      "attempts": 12.0,
      "drops": 0.0,
      "delivered": 12.0,
      "delivery_rate": 1.0
    }
  },
  "delivery_rate": {
    "count": 2,
    "min": 1.0,
    "max": 1.0,
    "mean": 1.0,
    "median": 1.0,
    "p90": 1.0,
    "p95": 1.0,
    "p99": 1.0,
    "stdev": 0.0
  }
}