{
  "a": {
    "matches": 1347,
    "rmse": 2.7529369638374854,
    "R": [
      [
        1.0000000000000007,
        -5.527262675331102e-16,
        -8.673617379884035e-18
      ],
      [
        -5.2719330637107653e-17,
        1.0000000000000009,
        7.632783294297951e-17
      ],
      [
        -5.637851296924623e-18,
        -6.938893903907228e-18,
        0.9999999999999998
      ]
    ],
    "t": [
      -1.7053025658242404e-13,
      1.4210854715202004e-13,
      7.105427357601002e-15
    ],
    "s": 1.0,
    "rpe": {
      "1": {
        "count": 1346.0,
        "rmse": 0.156289482932202,
        "mean": 0.11035332110221094,
        "pstd": 0.11067315391244341,
        "mean_dt": 1.0
      },
      "10": {
        "count": 1337.0,
        "rmse": 0.8939883372916794,
        "mean": 0.7930957909191206,
        "pstd": 0.41257025297507227,
        "mean_dt": 10.0
      },
      "50": {
        "count": 1297.0,
        "rmse": 3.0183844088029756,
        "mean": 2.691836083008825,
        "pstd": 1.3655266169198614,
        "mean_dt": 50.0
      }
    }
  },
  "b": {
    "matches": 617,
    "rmse": 5.342215423836251,
    "R": [
      [
        0.9993906256482228,
        -0.03406304937010222,
        -0.007621419425778471
      ],
      [
        0.034261743935983635,
        0.9990298631703128,
        0.027667045313365474
      ],
      [
        0.0066716016756650075,
        -0.027911308846356772,
        0.9995881394702344
      ]
    ],
    "t": [
      3.6022356105049482,
      -8.179581960815902,
      -6.991565765102898
    ],
    "s": 1.0,
    "rpe": {
      "1": {
        "count": 616.0,
        "rmse": 0.6907418851553346,
        "mean": 0.21855051500784264,
        "pstd": 0.6552556938308521,
        "mean_dt": 1.0
      },
      "10": {
        "count": 607.0,
        "rmse": 1.5345551350775664,
        "mean": 1.206223869614862,
        "pstd": 0.948621863001416,
        "mean_dt": 10.0
      },
      "50": {
        "count": 567.0,
        "rmse": 5.164590378558247,
        "mean": 4.2642737701491455,
        "pstd": 2.91358250123699,
        "mean_dt": 50.0
      }
    }
  },
  "c": {
    "matches": 1070,
    "rmse": 3.297715209333627,
    "R": [
      [
        0.9999900087510413,
        -0.003685376478383728,
        0.002529900848811589
      ],
      [
        0.003694383996594915,
        0.9999868209514648,
        -0.0035650315943479005
      ],
      [
        -0.002516729023543016,
        0.003574342400438503,
        0.9999904450300645
      ]
    ],
    "t": [
      0.24361447224391952,
      0.419832345591729,
      0.4670317251771898
    ],
    "s": 1.0,
    "rpe": {
      "1": {
        "count": 1069.0,
        "rmse": 1.165399194120858,
        "mean": 0.397591801686943,
        "pstd": 1.0954798222189561,
        "mean_dt": 1.0
      },
      "10": {
        "count": 1060.0,
        "rmse": 1.3848160436822299,
        "mean": 0.9925846930401061,
        "pstd": 0.965655788561422,
        "mean_dt": 10.0
      },
      "50": {
        "count": 1020.0,
        "rmse": 3.0312269308525956,
        "mean": 2.679718637308749,
        "pstd": 1.416843227455392,
        "mean_dt": 50.0
      }
    }
  }
}