{
  "WiFi": {
    "3": {
      "Central": {
        "ATE": 3.5242045123399426,
        "RPE10": 1.2180484605721127,
        "UplinkMiB": 6.189160346984863,
        "DownlinkMiB": 2.1871261596679688,
        "UplinkMbps": 0.4213368172967102,
        "DownlinkMbps": 0.14889205053312415,
        "LatencyMedIB": 2.236164635498426,
        "TimeToGlobal": 123.22312664985657,
        "CPUmean": 9.69047619047619,
        "RSSmeanMiB": 148.87362041170636
      },
      "DDF": {
        "ATE": 3.4716243509502447,
        "RPE10": 1.1966186352377568,
        "UplinkMiB": 0.9453630447387695,
        "DownlinkMiB": 0.0,
        "UplinkMbps": 0.049221277141567245,
        "DownlinkMbps": 0.0,
        "LatencyMedIB": 0.04882001876831055,
        "TimeToGlobal": 161.11487674713135,
        "CPUmean": 10.419207317073171,
        "RSSmeanMiB": 128.1561904535061
      }
    },
    "4": {
      "Central": {
        "ATE": 2.5006816324171663,
        "RPE10": 0.9320518913708378,
        "UplinkMiB": 7.434398651123047,
        "DownlinkMiB": 3.1083221435546875,
        "UplinkMbps": 0.5037672672981157,
        "DownlinkMbps": 0.21062509903261975,
        "LatencyMedIB": 1.8276788509974722,
        "TimeToGlobal": 123.79576849937439,
        "CPUmean": 11.242125984251969,
        "RSSmeanMiB": 158.47041092519686
      },
      "DDF": {
        "ATE": 3.5577981295821597,
        "RPE10": 1.6373558631642773,
        "UplinkMiB": 1.4253787994384766,
        "DownlinkMiB": 0.0,
        "UplinkMbps": 0.06720588022586473,
        "DownlinkMbps": 0.0,
        "LatencyMedIB": 0.04456686973571777,
        "TimeToGlobal": 177.91514611244202,
        "CPUmean": 9.942541436464088,
        "RSSmeanMiB": 133.94025164019337
      }
    },
    "5": {
      "Central": {
        "ATE": 2.307240577516551,
        "RPE10": 1.0375928861567028,
        "UplinkMiB": 8.272751808166504,
        "DownlinkMiB": 3.8584060668945312,
        "UplinkMbps": 0.49373390631105996,
        "DownlinkMbps": 0.23027717302742848,
        "LatencyMedIB": 1.6480208779976238,
        "TimeToGlobal": 140.55520820617676,
        "CPUmean": 10.984320557491289,
        "RSSmeanMiB": 172.49322190766551
      },
      "DDF": {
        "ATE": 3.81492341050828,
        "RPE10": 2.4256764016457564,
        "UplinkMiB": 2.1584091186523438,
        "DownlinkMiB": 0.0,
        "UplinkMbps": 0.08095655512366716,
        "DownlinkMbps": 0.0,
        "LatencyMedIB": 0.04241001605987549,
        "TimeToGlobal": 223.65141367912292,
        "CPUmean": 11.221710526315789,
        "RSSmeanMiB": 137.6877655564693
      }
    }
  },
  "ProRadio": {
    "3": {
      "Central": {
        "ATE": 2.7514218285742857,
        "RPE10": 1.1111853872190767,
        "UplinkMiB": 6.703078269958496,
        "DownlinkMiB": 2.3914566040039062,
        "UplinkMbps": 0.45876915427937337,
        "DownlinkMbps": 0.1636750280287996,
        "LatencyMedIB": 2.1150133610062767,
        "TimeToGlobal": 122.5659909248352,
        "CPUmean": 9.854980079681274,
        "RSSmeanMiB": 153.28538969123505
      },
      "DDF": {
        "ATE": 2.819989742685966,
        "RPE10": 1.2473414230955626,
        "UplinkMiB": 1.6984844207763672,
        "DownlinkMiB": 0.0,
        "UplinkMbps": 0.07417189389251136,
        "DownlinkMbps": 0.0,
        "LatencyMedIB": 0.03458201885223389,
        "TimeToGlobal": 192.0932478904724,
        "CPUmean": 9.966666666666667,
        "RSSmeanMiB": 130.46611578525642
      }
    },
    "4": {
      "Central": {
        "ATE": 2.6581578075630885,
        "RPE10": 0.9352646102190025,
        "UplinkMiB": 7.2730560302734375,
        "DownlinkMiB": 3.1324081420898438,
        "UplinkMbps": 0.4975232551337572,
        "DownlinkMbps": 0.2142766244028829,
        "LatencyMedIB": 1.8238474575191503,
        "TimeToGlobal": 122.62907385826111,
        "CPUmean": 10.981274900398406,
        "RSSmeanMiB": 157.29891372011951
      },
      "DDF": {
        "ATE": 5.583617908301858,
        "RPE10": 2.8555509698032533,
        "UplinkMiB": 0.8846912384033203,
        "DownlinkMiB": 0.0,
        "UplinkMbps": 0.0468491107710284,
        "DownlinkMbps": 0.0,
        "LatencyMedIB": 0.04846048355102539,
        "TimeToGlobal": 158.40915393829346,
        "CPUmean": 10.433850931677018,
        "RSSmeanMiB": 133.24909015916148
      }
    },
    "5": {
      "Central": {
        "ATE": 2.887215071394164,
        "RPE10": 0.9434461020386229,
        "UplinkMiB": 7.928200721740723,
        "DownlinkMiB": 3.502349853515625,
        "UplinkMbps": 0.4726855207022416,
        "DownlinkMbps": 0.20881283437372,
        "LatencyMedIB": 1.6809563379792962,
        "TimeToGlobal": 140.69939756393433,
        "CPUmean": 10.584375,
        "RSSmeanMiB": 167.60385470920139
      },
      "DDF": {
        "ATE": 8.508592488314102,
        "RPE10": 5.560736493117689,
        "UplinkMiB": 1.0530214309692383,
        "DownlinkMiB": 0.0,
        "UplinkMbps": 0.048741509174098877,
        "DownlinkMbps": 0.0,
        "LatencyMedIB": 11.888796329498291,
        "TimeToGlobal": 181.2291853427887,
        "CPUmean": 11.25972972972973,
        "RSSmeanMiB": 136.42035472972972
      }
    }
  }
}