{
  "r3": {
    "Central": {
      "ATE": 0.3168270462106615,
      "RPE10": 0.5062977189441236,
      "LatencyMedIB": 0.05971572600537911,
      "TimeToGlobal": 3.904323101043701,
      "UplinkMiB": -0.527522087097168,
      "UplinkMbps": -0.04774901943668369,
      "DownlinkMiB": -0.3204345703125,
      "CPUmean": -0.4135531135531121,
      "RSSmeanMiB": -0.5011594742063608
    },
    "DDF": {
      "ATE": 0.49006775975841066,
      "RPE10": 0.4630743308523957,
      "LatencyMedIB": 0.0005191564559936523,
      "TimeToGlobal": -1.1529333591461182,
      "UplinkMiB": -0.10859203338623047,
      "UplinkMbps": -0.005339939797629818,
      "DownlinkMiB": 0.0,
      "CPUmean": -0.37630608250526976,
      "RSSmeanMiB": -0.14239801523450524
    }
  },
  "r4": {
    "Central": {
      "ATE": 0.17562497093501772,
      "RPE10": 0.218090809711055,
      "LatencyMedIB": -0.015410895983222872,
      "TimeToGlobal": 1.5535571575164795,
      "UplinkMiB": -0.7449007034301758,
      "UplinkMbps": -0.05609373011770141,
      "DownlinkMiB": -0.5627899169921875,
      "CPUmean": -0.7160723444052248,
      "RSSmeanMiB": -2.4826385353501053
    },
    "DDF": {
      "ATE": 1.3383674573842428,
      "RPE10": 1.4787754946845029,
      "LatencyMedIB": -0.0045032501220703125,
      "TimeToGlobal": 0.7870197296142578,
      "UplinkMiB": -0.0952901840209961,
      "UplinkMbps": -0.004769076802555908,
      "DownlinkMiB": 0.0,
      "CPUmean": 1.0976789492108434,
      "RSSmeanMiB": -0.3375377111300111
    }
  },
  "r5": {
    "Central": {
      "ATE": 0.17888181280491944,
      "RPE10": 0.07599222322037069,
      "LatencyMedIB": 0.1364882235066034,
      "TimeToGlobal": 10.096308708190918,
      "UplinkMiB": -0.3996105194091797,
      "UplinkMbps": -0.055340072961604314,
      "DownlinkMiB": -0.41608428955078125,
      "CPUmean": -0.33415769104177784,
      "RSSmeanMiB": -2.7595721723234874
    },
    "DDF": {
      "ATE": 0.1809968748717159,
      "RPE10": 0.10379020996246258,
      "LatencyMedIB": -0.005500912666320801,
      "TimeToGlobal": 7.397830963134766,
      "UplinkMiB": -0.048142433166503906,
      "UplinkMbps": -0.004339987831231351,
      "DownlinkMiB": 0.0,
      "CPUmean": 0.9902043673012315,
      "RSSmeanMiB": -0.3872170192352371
    }
  }
}