{
  "base": {
    "r3": {
      "Central": {
        "ATE": 3.5242045123399426,
        "RPE10": 1.2180484605721127,
        "LatencyMedIB": 2.236164635498426,
        "TimeToGlobal": 123.22312664985657,
        "UplinkMiB": 6.189160346984863,
        "UplinkMbps": 0.4213368172967102,
        "DownlinkMiB": 2.1871261596679688,
        "CPUmean": 9.69047619047619,
        "RSSmeanMiB": 148.87362041170636
      },
      "DDF": {
        "ATE": 3.4716243509502447,
        "RPE10": 1.1966186352377568,
        "LatencyMedIB": 0.04882001876831055,
        "TimeToGlobal": 161.11487674713135,
        "UplinkMiB": 0.9453630447387695,
        "UplinkMbps": 0.049221277141567245,
        "DownlinkMiB": 0.0,
        "CPUmean": 10.419207317073171,
        "RSSmeanMiB": 128.1561904535061
      }
    },
    "r4": {
      "Central": {
        "ATE": 2.5006816324171663,
        "RPE10": 0.9320518913708378,
        "LatencyMedIB": 1.8276788509974722,
        "TimeToGlobal": 123.79576849937439,
        "UplinkMiB": 7.434398651123047,
        "UplinkMbps": 0.5037672672981157,
        "DownlinkMiB": 3.1083221435546875,
        "CPUmean": 11.242125984251969,
        "RSSmeanMiB": 158.47041092519686
      },
      "DDF": {
        "ATE": 3.5577981295821597,
        "RPE10": 1.6373558631642773,
        "LatencyMedIB": 0.04456686973571777,
        "TimeToGlobal": 177.91514611244202,
        "UplinkMiB": 1.4253787994384766,
        "UplinkMbps": 0.06720588022586473,
        "DownlinkMiB": 0.0,
        "CPUmean": 9.942541436464088,
        "RSSmeanMiB": 133.94025164019337
      }
    },
    "r5": {
      "Central": {
        "ATE": 2.307240577516551,
        "RPE10": 1.0375928861567028,
        "LatencyMedIB": 1.6480208779976238,
        "TimeToGlobal": 140.55520820617676,
        "UplinkMiB": 8.272751808166504,
        "UplinkMbps": 0.49373390631105996,
        "DownlinkMiB": 3.8584060668945312,
        "CPUmean": 10.984320557491289,
        "RSSmeanMiB": 172.49322190766551
      },
      "DDF": {
        "ATE": 3.81492341050828,
        "RPE10": 2.4256764016457564,
        "LatencyMedIB": 0.04241001605987549,
        "TimeToGlobal": 223.65141367912292,
        "UplinkMiB": 2.1584091186523438,
        "UplinkMbps": 0.08095655512366716,
        "DownlinkMiB": 0.0,
        "CPUmean": 11.221710526315789,
        "RSSmeanMiB": 137.6877655564693
      }
    }
  },
  "imp": {
    "r3": {
      "Central": {
        "ATE": 3.841031558550604,
        "RPE10": 1.7243461795162363,
        "LatencyMedIB": 2.295880361503805,
        "TimeToGlobal": 127.12744975090027,
        "UplinkMiB": 5.661638259887695,
        "UplinkMbps": 0.3735877978600265,
        "DownlinkMiB": 1.8666915893554688,
        "CPUmean": 9.276923076923078,
        "RSSmeanMiB": 148.3724609375
      },
      "DDF": {
        "ATE": 3.9616921107086553,
        "RPE10": 1.6596929660901525,
        "LatencyMedIB": 0.0493391752243042,
        "TimeToGlobal": 159.96194338798523,
        "UplinkMiB": 0.8367710113525391,
        "UplinkMbps": 0.04388133734393743,
        "DownlinkMiB": 0.0,
        "CPUmean": 10.042901234567902,
        "RSSmeanMiB": 128.0137924382716
      }
    },
    "r4": {
      "Central": {
        "ATE": 2.676306603352184,
        "RPE10": 1.1501427010818928,
        "LatencyMedIB": 1.8122679550142493,
        "TimeToGlobal": 125.34932565689087,
        "UplinkMiB": 6.689497947692871,
        "UplinkMbps": 0.4476735371804143,
        "DownlinkMiB": 2.5455322265625,
        "CPUmean": 10.526053639846744,
        "RSSmeanMiB": 155.98777238984675
      },
      "DDF": {
        "ATE": 4.8961655869664025,
        "RPE10": 3.11613135784878,
        "LatencyMedIB": 0.04006361961364746,
        "TimeToGlobal": 178.70216584205627,
        "UplinkMiB": 1.3300886154174805,
        "UplinkMbps": 0.06243680342330882,
        "DownlinkMiB": 0.0,
        "CPUmean": 11.040220385674932,
        "RSSmeanMiB": 133.60271392906336
      }
    },
    "r5": {
      "Central": {
        "ATE": 2.4861223903214706,
        "RPE10": 1.1135851093770734,
        "LatencyMedIB": 1.7845091015042271,
        "TimeToGlobal": 150.65151691436768,
        "UplinkMiB": 7.873141288757324,
        "UplinkMbps": 0.43839383334945564,
        "DownlinkMiB": 3.44232177734375,
        "CPUmean": 10.650162866449511,
        "RSSmeanMiB": 169.73364973534203
      },
      "DDF": {
        "ATE": 3.995920285379996,
        "RPE10": 2.529466611608219,
        "LatencyMedIB": 0.03690910339355469,
        "TimeToGlobal": 231.0492446422577,
        "UplinkMiB": 2.11026668548584,
        "UplinkMbps": 0.07661656729243581,
        "DownlinkMiB": 0.0,
        "CPUmean": 12.21191489361702,
        "RSSmeanMiB": 137.30054853723405
      }
    }
  }
}