{
  "d": {
    "matches": 1015,
    "rmse": 2.3620252281773477,
    "R": [
      [
        0.9998599451193527,
        0.016649177126013454,
        0.0017014837497664542
      ],
      [
        -0.016638124893336926,
        0.9998416309125905,
        -0.00631552801308255
      ],
      [
        -0.0018063626318718935,
        0.006286333993427831,
        0.9999786093007014
      ]
    ],
    "t": [
      -1.8080285610317475,
      1.9241213859328283,
      -0.1327861124478522
    ],
    "s": 1.0,
    "rpe": {
      "1": {
        "count": 1014.0,
        "rmse": 0.6965455570436119,
        "mean": 0.2108140280701745,
        "pstd": 0.6638773671439806,
        "mean_dt": 1.0
      },
      "10": {
        "count": 1005.0,
        "rmse": 1.221819779885869,
        "mean": 0.8138845879128496,
        "pstd": 0.9112823119529344,
        "mean_dt": 10.0
      },
      "50": {
        "count": 965.0,
        "rmse": 2.6082859077734124,
        "mean": 2.12307277026073,
        "pstd": 1.5151624958620153,
        "mean_dt": 50.0
      }
    }
  },
  "c": {
    "matches": 703,
    "rmse": 1.930821486677249,
    "R": [
      [
        0.9999035523850768,
        0.013881152037973951,
        -0.0004467054976168526
      ],
      [
        -0.013884085584859157,
        0.9998760790254974,
        -0.0074201590325736685
      ],
      [
        0.0003436497857591649,
        0.007425645473292733,
        0.9999723704653692
      ]
    ],
    "t": [
      -0.6936677052780169,
      1.7859935790301975,
      -0.3082669790898218
    ],
    "s": 1.0,
    "rpe": {
      "1": {
        "count": 702.0,
        "rmse": 1.3233451702210022,
        "mean": 0.5998396396854953,
        "pstd": 1.179590965635643,
        "mean_dt": 1.0
      },
      "10": {
        "count": 693.0,
        "rmse": 1.3536965344726244,
        "mean": 0.9368509980778199,
        "pstd": 0.9771409902587173,
        "mean_dt": 10.0
      },
      "50": {
        "count": 653.0,
        "rmse": 2.0019884288737564,
        "mean": 1.848145642321296,
        "pstd": 0.7696202661788574,
        "mean_dt": 50.0
      }
    }
  },
  "b": {
    "matches": 188,
    "rmse": 1.5934457337072525,
    "R": [
      [
        0.9998517291243837,
        0.017165450433318886,
        -0.001366410773261344
      ],
      [
        -0.01716585327746742,
        0.9998526156541492,
        -0.0002836385243096956
      ],
      [
        0.0013613406026733409,
        0.00030705207582787386,
        0.9999990262349191
      ]
    ],
    "t": [
      -1.1743122306766196,
      1.4542890503498214,
      -0.20499706740815427
    ],
    "s": 1.0,
    "rpe": {
      "1": {
        "count": 187.0,
        "rmse": 0.5857207254107171,
        "mean": 0.25594060130475393,
        "pstd": 0.526842648975401,
        "mean_dt": 1.0
      },
      "10": {
        "count": 178.0,
        "rmse": 1.1735056081767048,
        "mean": 1.0691234718363225,
        "pstd": 0.48382891024702623,
        "mean_dt": 10.0
      },
      "50": {
        "count": 138.0,
        "rmse": 2.876278241396953,
        "mean": 2.6098831186254734,
        "pstd": 1.2089196123180903,
        "mean_dt": 50.0
      }
    }
  },
  "e": {
    "matches": 533,
    "rmse": 3.3347757308127246,
    "R": [
      [
        0.9999498169004839,
        0.009582762482666457,
        0.0029213599382408306
      ],
      [
        -0.009586047395358403,
        0.9999534339071614,
        0.0011125253299377538
      ],
      [
        -0.0029105628359299904,
        -0.0011404737947952846,
        0.999995113959814
      ]
    ],
    "t": [
      0.4498692074043902,
      0.9085457284686349,
      0.30777411925042575
    ],
    "s": 1.0,
    "rpe": {
      "1": {
        "count": 532.0,
        "rmse": 0.3733863125877627,
        "mean": 0.16988114965026962,
        "pstd": 0.3325022307013731,
        "mean_dt": 1.0
      },
      "10": {
        "count": 523.0,
        "rmse": 1.027982358978351,
        "mean": 0.8599581919258601,
        "pstd": 0.5632225479420202,
        "mean_dt": 10.0
      },
      "50": {
        "count": 483.0,
        "rmse": 3.456421297990491,
        "mean": 2.9801156193298204,
        "pstd": 1.750930919433633,
        "mean_dt": 50.0
      }
    }
  },
  "a": {
    "matches": 1243,
    "rmse": 2.6726277288571163,
    "R": [
      [
        0.9999425662787527,
        0.010669487644388896,
        0.0010130040813205337
      ],
      [
        -0.010662776061627991,
        0.9999225766769515,
        -0.0064145037521054354
      ],
      [
        -0.001081365119706277,
        0.006403333907616396,
        0.9999789137598577
      ]
    ],
    "t": [
      -0.27225555984642824,
      1.2007147778378808,
      -0.19403365681954643
    ],
    "s": 1.0,
    "rpe": {
      "1": {
        "count": 1242.0,
        "rmse": 0.1791184142622446,
        "mean": 0.10447574450175146,
        "pstd": 0.1454930415470987,
        "mean_dt": 1.0
      },
      "10": {
        "count": 1233.0,
        "rmse": 0.91807118254791,
        "mean": 0.763535623313407,
        "pstd": 0.5097725455105692,
        "mean_dt": 10.0
      },
      "50": {
        "count": 1193.0,
        "rmse": 2.7906590244024665,
        "mean": 2.4084426081178103,
        "pstd": 1.4096744283278995,
        "mean_dt": 50.0
      }
    }
  }
}