{
  "loop_closure_correction": {
    "count": 672,
    "min": 0.04854866900132038,
    "max": 9.946561253018444,
    "mean": 2.460803912509575,
    "median": 2.1954142229951685,
    "p90": 4.742710126223391,
    "p95": 5.747870391636388,
    "p99": 8.210383291367611,
    "stdev": 1.7602273139999636
  },
  "interface_correction": {
    "count": 3,
    "min": 3.110387911001453,
    "max": 10.24800189200323,
    "mean": 6.296764151668564,
    "median": 5.531902652001008,
    "p90": 9.304782044002787,
    "p95": 9.776391968003008,
    "p99": 10.153679907203186,
    "stdev": 2.96368500020985
  },
  "loop_closure_correction_stabilised": {
    "count": 0
  },
  "loop_closure_correction_stabilised_params": {
    "epsilon": 0.001,
    "required": 5
  },
  "interface_correction_stabilised": {
    "count": 0
  },
  "interface_correction_stabilised_params": {
    "epsilon": 0.001,
    "required": 5
  },
  "time_to_global_convergence_s": 122.5659909248352,
  "time_to_global_convergence_method": "last_map_broadcast",
  "timeline_start_ts": 1762707062.6402194,
  "timeline_end_ts": 1762707185.2062104,
  "delivery_topics": {
    "/cosmo/factor_batch/a": {
      "attempts": 2464.0,
      "drops": 0.0,
      "delivered": 2464.0,
      "delivery_rate": 1.0
    },
    "/cosmo/factor_batch/c": {
      "attempts": 1913.0,
      "drops": 0.0,
      "delivered": 1913.0,
      "delivery_rate": 1.0
    },
    "/cosmo/factor_batch/b": {
      "attempts": 991.0,
      "drops": 0.0,
      "delivered": 991.0,
      "delivery_rate": 1.0
    }
  },
  "delivery_rate": {
    "count": 3,
    "min": 1.0,
    "max": 1.0,
    "mean": 1.0,
    "median": 1.0,
    "p90": 1.0,
    "p95": 1.0,
    "p99": 1.0,
    "stdev": 0.0
  }
}