{
  "spec": {},
  "stats": {
    "seed": 42,
    "random_loss_p": 0.0,
    "burst_period_s": 0.0,
    "burst_duration_s": 0.0,
    "bw_caps_mbps": {},
    "drops": {
      "random": 0,
      "burst": 0,
      "blackout": 0
    },
    "throttle_seconds": {},
    "staleness_wall_s": {
      "a": {
        "count": 2278,
        "sum": 0.027789831161499023,
        "max": 4.8160552978515625e-05,
        "mean": 1.2199223512510545e-05
      },
      "c": {
        "count": 1798,
        "sum": 0.021677732467651367,
        "max": 0.00014495849609375,
        "mean": 1.20565809052566e-05
      },
      "b": {
        "count": 885,
        "sum": 0.01137089729309082,
        "max": 3.361701965332031e-05,
        "mean": 1.2848471517616747e-05
      },
      "d": {
        "count": 865,
        "sum": 0.010226011276245117,
        "max": 3.910064697265625e-05,
        "mean": 1.1821978354040598e-05
      }
    },
    "topics": {
      "/cosmo/factor_batch/a": {
        "attempts": 2278,
        "drops": 0,
        "delivered": 2278,
        "delivery_rate": 1.0
      },
      "/cosmo/factor_batch/c": {
        "attempts": 1798,
        "drops": 0,
        "delivered": 1798,
        "delivery_rate": 1.0
      },
      "/cosmo/factor_batch/b": {
        "attempts": 885,
        "drops": 0,
        "delivered": 885,
        "delivery_rate": 1.0
      },
      "/cosmo/factor_batch/d": {
        "attempts": 865,
        "drops": 0,
        "delivered": 865,
        "delivery_rate": 1.0
      }
    }
  }
}