{
  "d": {
    "matches": 2243,
    "rmse": 7.037108067216669,
    "R": [
      [
        0.996438623834833,
        -0.003915481879743349,
        0.08423026731403409
      ],
      [
        0.003848506193626712,
        0.999992136061533,
        0.0009575046572857307
      ],
      [
        -0.0842333540245303,
        -0.0006299339175722986,
        0.9964458566590748
      ]
    ],
    "t": [
      0.3254066238320661,
      0.0012837805672276659,
      -0.23815855165412625
    ],
    "s": 1.0,
    "rpe": {
      "1": {
        "count": 2242.0,
        "rmse": 4.799549090226116,
        "mean": 2.1233557167571226,
        "pstd": 4.304303889086502,
        "mean_dt": 1.0
      },
      "10": {
        "count": 2233.0,
        "rmse": 4.9357240675610825,
        "mean": 2.911175018728669,
        "pstd": 3.985778729612553,
        "mean_dt": 10.0
      },
      "50": {
        "count": 2193.0,
        "rmse": 7.562604609483485,
        "mean": 5.686021052544761,
        "pstd": 4.9861962525956285,
        "mean_dt": 50.0
      }
    }
  },
  "b": {
    "matches": 789,
    "rmse": 2.451329991170944,
    "R": [
      [
        0.9967556393095633,
        -0.003456284536422974,
        0.08041299398596603
      ],
      [
        0.002121756847913745,
        0.9998587037312349,
        0.01667545264073255
      ],
      [
        -0.0804592670390556,
        -0.016450734637038722,
        0.9966221348522415
      ]
    ],
    "t": [
      0.03086870533567776,
      3.4678931149305185,
      -0.7065111188879647
    ],
    "s": 1.0,
    "rpe": {
      "1": {
        "count": 788.0,
        "rmse": 1.835303358233828,
        "mean": 1.0472985947239362,
        "pstd": 1.5071509779161596,
        "mean_dt": 1.0
      },
      "10": {
        "count": 779.0,
        "rmse": 2.0076304134272127,
        "mean": 1.4209748382130971,
        "pstd": 1.418242005471274,
        "mean_dt": 10.0
      },
      "50": {
        "count": 739.0,
        "rmse": 3.156786517550727,
        "mean": 2.824470740610614,
        "pstd": 1.4098461450898032,
        "mean_dt": 50.0
      }
    }
  },
  "c": {
    "matches": 1276,
    "rmse": 3.5569955571382,
    "R": [
      [
        0.9966438099000067,
        -0.005451339571878048,
        0.08167863297626515
      ],
      [
        0.00450714775018605,
        0.9999209286904467,
        0.01173976090013849
      ],
      [
        -0.0817361719629525,
        -0.011332222363971906,
        0.9965895739616867
      ]
    ],
    "t": [
      0.35710916420484295,
      1.6804450655458667,
      -0.8633818190004656
    ],
    "s": 1.0,
    "rpe": {
      "1": {
        "count": 1275.0,
        "rmse": 2.721439501210972,
        "mean": 1.2337621622492005,
        "pstd": 2.4257089449795037,
        "mean_dt": 1.0
      },
      "10": {
        "count": 1266.0,
        "rmse": 2.927050946153039,
        "mean": 1.8224909759123238,
        "pstd": 2.2904484024080367,
        "mean_dt": 10.0
      },
      "50": {
        "count": 1226.0,
        "rmse": 3.831180150884642,
        "mean": 3.2560541476041562,
        "pstd": 2.0189236578935374,
        "mean_dt": 50.0
      }
    }
  },
  "a": {
    "matches": 86,
    "rmse": 2.541376065905633,
    "R": [
      [
        0.996871501269584,
        0.00040576804815866145,
        0.0790382521872613
      ],
      [
        -0.0020434028282388947,
        0.9997848896024873,
        0.020639743879806147
      ],
      [
        -0.07901287528882592,
        -0.020736679455340586,
        0.9966578929922536
      ]
    ],
    "t": [
      0.09525914555116799,
      3.5922824576645382,
      -0.2140349694146595
    ],
    "s": 1.0,
    "rpe": {
      "1": {
        "count": 85.0,
        "rmse": 1.0881692307901114,
        "mean": 0.573631234432742,
        "pstd": 0.9246942639172753,
        "mean_dt": 1.0
      },
      "10": {
        "count": 76.0,
        "rmse": 3.249518672580333,
        "mean": 3.0186448059654136,
        "pstd": 1.2029776136180939,
        "mean_dt": 10.0
      },
      "50": {
        "count": 36.0,
        "rmse": 4.438154381437372,
        "mean": 4.337306954417586,
        "pstd": 0.9407351894303702,
        "mean_dt": 50.0
      }
    }
  }
}