{
  "a": {
    "matches": 207,
    "rmse": 8.161072970116539,
    "R": [
      [
        1.0000000000000004,
        -2.2768245622195593e-16,
        0.0
      ],
      [
        1.6176296413483726e-16,
        1.0000000000000002,
        -3.469446951953614e-18
      ],
      [
        6.938893903907228e-18,
        -3.469446951953614e-18,
        1.0
      ]
    ],
    "t": [
      4.263256414560601e-14,
      -1.1368683772161603e-13,
      1.9539925233402755e-14
    ],
    "s": 1.0,
    "rpe": {
      "1": {
        "count": 206.0,
        "rmse": 4.740736143996276,
        "mean": 1.6469022159805702,
        "pstd": 4.445479982857977,
        "mean_dt": 1.0
      },
      "10": {
        "count": 197.0,
        "rmse": 10.569135757089542,
        "mean": 7.453176241215785,
        "pstd": 7.4937837284755755,
        "mean_dt": 10.0
      },
      "50": {
        "count": 157.0,
        "rmse": 10.839685093093806,
        "mean": 8.993951183050426,
        "pstd": 6.050422715343609,
        "mean_dt": 50.0
      }
    }
  },
  "b": {
    "matches": 561,
    "rmse": 7.915005574543625,
    "R": [
      [
        0.9987092526886049,
        0.031356864623071835,
        0.03995717251232419
      ],
      [
        -0.03020286379482704,
        0.9991182176394274,
        -0.029164605253723885
      ],
      [
        -0.04083644956115075,
        0.02792014007888861,
        0.9987756755974861
      ]
    ],
    "t": [
      -9.379168956446065,
      1.1700477453143776,
      -9.519349840689866
    ],
    "s": 1.0,
    "rpe": {
      "1": {
        "count": 560.0,
        "rmse": 8.362346652655491,
        "mean": 4.508708301431854,
        "pstd": 7.042754503159823,
        "mean_dt": 1.0
      },
      "10": {
        "count": 551.0,
        "rmse": 8.851240949101317,
        "mean": 5.1184174637468,
        "pstd": 7.221237359750738,
        "mean_dt": 10.0
      },
      "50": {
        "count": 511.0,
        "rmse": 11.376771659366183,
        "mean": 8.750658959579672,
        "pstd": 7.270275177906651,
        "mean_dt": 50.0
      }
    }
  },
  "c": {
    "matches": 244,
    "rmse": 0.5236754083129472,
    "R": [
      [
        0.9974984818431728,
        0.06841486250139386,
        0.017781600307090965
      ],
      [
        -0.068855152203984,
        0.9973018509623911,
        0.02545557074502301
      ],
      [
        -0.015992083526919998,
        -0.026616247968187085,
        0.9995177980449191
      ]
    ],
    "t": [
      -23.31060490675941,
      3.7561769875058033,
      11.606607338570447
    ],
    "s": 1.0,
    "rpe": {
      "1": {
        "count": 243.0,
        "rmse": 0.1178452815181838,
        "mean": 0.08824351706017429,
        "pstd": 0.07810628702576207,
        "mean_dt": 1.0
      },
      "10": {
        "count": 234.0,
        "rmse": 0.539456627287812,
        "mean": 0.45216856283235163,
        "pstd": 0.2942057842919931,
        "mean_dt": 10.0
      },
      "50": {
        "count": 194.0,
        "rmse": 0.8405074116307745,
        "mean": 0.7291844769769007,
        "pstd": 0.4180223768438572,
        "mean_dt": 50.0
      }
    }
  }
}