{
  "a": {
    "matches": 1174,
    "rmse": 2.59816383678507,
    "R": [
      [
        0.9999629782227949,
        0.00855241240193176,
        0.0009478533145102046
      ],
      [
        -0.008549792782075606,
        0.9999597118798389,
        -0.0027341654256577974
      ],
      [
        -0.0009711988375773056,
        0.002725960252567737,
        0.9999958129479941
      ]
    ],
    "t": [
      -1.4777157348100332,
      1.8157561543110958,
      0.06906960378911542
    ],
    "s": 1.0,
    "rpe": {
      "1": {
        "count": 1173.0,
        "rmse": 0.29562016668334207,
        "mean": 0.10278771304742557,
        "pstd": 0.2771749790229396,
        "mean_dt": 1.0
      },
      "10": {
        "count": 1164.0,
        "rmse": 1.1735229130791285,
        "mean": 0.7747243623917847,
        "pstd": 0.8814523185279886,
        "mean_dt": 10.0
      },
      "50": {
        "count": 1124.0,
        "rmse": 3.1297820095156856,
        "mean": 2.5232489800043463,
        "pstd": 1.8516884219530727,
        "mean_dt": 50.0
      }
    }
  },
  "c": {
    "matches": 928,
    "rmse": 2.6438413575206487,
    "R": [
      [
        0.9999361255568583,
        0.011291365345169167,
        0.0004998749646847522
      ],
      [
        -0.011286876014124701,
        0.9999025065692813,
        -0.00822093585361567
      ],
      [
        -0.0005926518203618839,
        0.008214768719166925,
        0.9999660825941602
      ]
    ],
    "t": [
      -1.5998550171961483,
      1.6478990276935832,
      -0.1699525987891377
    ],
    "s": 1.0,
    "rpe": {
      "1": {
        "count": 927.0,
        "rmse": 0.8512369143659404,
        "mean": 0.2849880409031632,
        "pstd": 0.8021135212184275,
        "mean_dt": 1.0
      },
      "10": {
        "count": 918.0,
        "rmse": 1.2792879053403927,
        "mean": 0.8927784152585329,
        "pstd": 0.9162555571447697,
        "mean_dt": 10.0
      },
      "50": {
        "count": 878.0,
        "rmse": 2.6830206051093226,
        "mean": 2.352372945266664,
        "pstd": 1.2903259641728646,
        "mean_dt": 50.0
      }
    }
  },
  "b": {
    "matches": 607,
    "rmse": 2.4344723021028645,
    "R": [
      [
        0.9999534365581113,
        0.009649707786987703,
        8.86298420017138e-05
      ],
      [
        -0.00964900654806714,
        0.9999356169284591,
        -0.005971488134197858
      ],
      [
        -0.00014624725128874584,
        0.005970354891231315,
        0.9999821665780912
      ]
    ],
    "t": [
      -1.8599373357400282,
      1.665417306369548,
      -0.21302774504406985
    ],
    "s": 1.0,
    "rpe": {
      "1": {
        "count": 606.0,
        "rmse": 0.10289499426179588,
        "mean": 0.09053122611764576,
        "pstd": 0.04890272938978664,
        "mean_dt": 1.0
      },
      "10": {
        "count": 597.0,
        "rmse": 0.7555623553370023,
        "mean": 0.6851513943956073,
        "pstd": 0.3184996696390019,
        "mean_dt": 10.0
      },
      "50": {
        "count": 557.0,
        "rmse": 2.62054059282486,
        "mean": 2.4250674966873835,
        "pstd": 0.9931166271658414,
        "mean_dt": 50.0
      }
    }
  },
  "d": {
    "matches": 531,
    "rmse": 3.6565253352222795,
    "R": [
      [
        0.9999393665438291,
        -0.0028618992138667657,
        0.010633568019000127
      ],
      [
        0.002978628761779786,
        0.9999353048051995,
        -0.01097788571770135
      ],
      [
        -0.010601462475740325,
        0.01100889354209055,
        0.9998831998070347
      ]
    ],
    "t": [
      0.7806051988688409,
      -0.25047150016060726,
      0.7679750357462138
    ],
    "s": 1.0,
    "rpe": {
      "1": {
        "count": 530.0,
        "rmse": 0.5416236859018035,
        "mean": 0.1828724375955425,
        "pstd": 0.509817505287647,
        "mean_dt": 1.0
      },
      "10": {
        "count": 521.0,
        "rmse": 1.0569045703234698,
        "mean": 0.8985510708954103,
        "pstd": 0.5564649528616783,
        "mean_dt": 10.0
      },
      "50": {
        "count": 481.0,
        "rmse": 3.495119789499241,
        "mean": 3.2223215273187424,
        "pstd": 1.3537009704980671,
        "mean_dt": 50.0
      }
    }
  }
}