{
  "d": {
    "matches": 1043,
    "rmse": 2.588091313648413,
    "R": [
      [
        0.9998781242449181,
        0.015603572074259702,
        -0.0005149708619958445
      ],
      [
        -0.015607972119675432,
        0.999827365288964,
        -0.01008121151650114
      ],
      [
        0.00035757904965630816,
        0.010088020512091893,
        0.9999490506917693
      ]
    ],
    "t": [
      -1.2168305931785426,
      2.5126537041694945,
      -0.12720497238323158
    ],
    "s": 1.0,
    "rpe": {
      "1": {
        "count": 1042.0,
        "rmse": 0.7132592367303839,
        "mean": 0.23137036619818055,
        "pstd": 0.6746899231695475,
        "mean_dt": 1.0
      },
      "10": {
        "count": 1033.0,
        "rmse": 1.10164854849302,
        "mean": 0.7943682991595137,
        "pstd": 0.7632879729742885,
        "mean_dt": 10.0
      },
      "50": {
        "count": 993.0,
        "rmse": 2.4154632133903338,
        "mean": 2.1344621573976483,
        "pstd": 1.1307227042380164,
        "mean_dt": 50.0
      }
    }
  },
  "b": {
    "matches": 265,
    "rmse": 1.6803157438002656,
    "R": [
      [
        0.9999207240413026,
        0.012339386579980391,
        -0.0025070244409292983
      ],
      [
        -0.012342352370752863,
        0.9999231446130084,
        -0.0011709847095138538
      ],
      [
        0.0024923825295857472,
        0.0012018344576304602,
        0.9999961718043036
      ]
    ],
    "t": [
      -1.23260206060219,
      1.9755239239243938,
      -0.254543450332398
    ],
    "s": 1.0,
    "rpe": {
      "1": {
        "count": 264.0,
        "rmse": 0.5215346928883462,
        "mean": 0.18077977697889508,
        "pstd": 0.48920047845602377,
        "mean_dt": 1.0
      },
      "10": {
        "count": 255.0,
        "rmse": 0.9608202479127368,
        "mean": 0.8111559358246807,
        "pstd": 0.5149772777273576,
        "mean_dt": 10.0
      },
      "50": {
        "count": 215.0,
        "rmse": 2.8932365022275066,
        "mean": 2.746011907379991,
        "pstd": 0.9111729047491285,
        "mean_dt": 50.0
      }
    }
  },
  "e": {
    "matches": 529,
    "rmse": 3.0019448264052757,
    "R": [
      [
        0.9999586801283401,
        0.008931223495511158,
        0.001694486016587204
      ],
      [
        -0.008931249026193439,
        0.9999601155719036,
        7.50042200701323e-06
      ],
      [
        -0.0016943514450362632,
        -2.2633988676083044e-05,
        0.9999985643294111
      ]
    ],
    "t": [
      -0.06186286975105304,
      1.221686776333069,
      0.24484108079971278
    ],
    "s": 1.0,
    "rpe": {
      "1": {
        "count": 528.0,
        "rmse": 0.596174316077128,
        "mean": 0.16911936110403708,
        "pstd": 0.571683878423901,
        "mean_dt": 1.0
      },
      "10": {
        "count": 519.0,
        "rmse": 1.0977629267144218,
        "mean": 0.8136299335179774,
        "pstd": 0.7369462494321708,
        "mean_dt": 10.0
      },
      "50": {
        "count": 479.0,
        "rmse": 3.194502261288714,
        "mean": 2.660854495968689,
        "pstd": 1.7676815461677253,
        "mean_dt": 50.0
      }
    }
  },
  "c": {
    "matches": 624,
    "rmse": 1.8688218270614263,
    "R": [
      [
        0.9999522309942446,
        0.009519365784097355,
        -0.002217522198916196
      ],
      [
        -0.009536715009368757,
        0.9999229283482245,
        -0.00794911506662678
      ],
      [
        0.0021416807568383615,
        0.007969883222541427,
        0.999965946502657
      ]
    ],
    "t": [
      -0.9631598464364544,
      1.7330457664577636,
      -0.6409058558484539
    ],
    "s": 1.0,
    "rpe": {
      "1": {
        "count": 623.0,
        "rmse": 0.25133641616119157,
        "mean": 0.10755692218105149,
        "pstd": 0.22715964117706072,
        "mean_dt": 1.0
      },
      "10": {
        "count": 614.0,
        "rmse": 0.6493036307383765,
        "mean": 0.5596602390439247,
        "pstd": 0.3292045287102463,
        "mean_dt": 10.0
      },
      "50": {
        "count": 574.0,
        "rmse": 2.0170051271361107,
        "mean": 1.8325216253719414,
        "pstd": 0.8427183250870605,
        "mean_dt": 50.0
      }
    }
  },
  "a": {
    "matches": 1259,
    "rmse": 3.588153863696017,
    "R": [
      [
        0.9999349951118204,
        0.003965183176521077,
        0.010690316791443383
      ],
      [
        -0.003828791726496242,
        0.9999113999268223,
        -0.012748829369771335
      ],
      [
        -0.010739921072330695,
        0.012707069637059063,
        0.9998615826586196
      ]
    ],
    "t": [
      -0.1283877042701249,
      1.8272412772606543,
      0.4165274788373381
    ],
    "s": 1.0,
    "rpe": {
      "1": {
        "count": 1258.0,
        "rmse": 0.33782131016178624,
        "mean": 0.11783326583412694,
        "pstd": 0.31660473632321073,
        "mean_dt": 1.0
      },
      "10": {
        "count": 1249.0,
        "rmse": 1.3039608175536486,
        "mean": 0.8901740706054112,
        "pstd": 0.9528399329042476,
        "mean_dt": 10.0
      },
      "50": {
        "count": 1209.0,
        "rmse": 3.67399190837263,
        "mean": 3.059719977421786,
        "pstd": 2.033796991480118,
        "mean_dt": 50.0
      }
    }
  }
}