{
  "a": {
    "matches": 217,
    "rmse": 0.7577464084184364,
    "R": [
      [
        0.9993140925694433,
        0.012642831952694333,
        0.034806654425934995
      ],
      [
        -0.012268846479773334,
        0.99986491565494,
        -0.0109373602114452
      ],
      [
        -0.034940231798977546,
        0.010502820695179157,
        0.9993342138440366
      ]
    ],
    "t": [
      -6.581546637602301,
      1.021021123471371,
      -4.279240861643419
    ],
    "s": 1.0,
    "rpe": {
      "1": {
        "count": 216.0,
        "rmse": 0.171951369134759,
        "mean": 0.11930309071941138,
        "pstd": 0.12383071465558963,
        "mean_dt": 1.0
      },
      "10": {
        "count": 207.0,
        "rmse": 0.7983471040990405,
        "mean": 0.6363738194704395,
        "pstd": 0.48206478871198283,
        "mean_dt": 10.0
      },
      "50": {
        "count": 167.0,
        "rmse": 1.2481326980256797,
        "mean": 1.0186687663998293,
        "pstd": 0.7212136827891665,
        "mean_dt": 50.0
      }
    }
  },
  "b": {
    "matches": 585,
    "rmse": 3.7797663850739793,
    "R": [
      [
        0.9946836872670802,
        -0.010000472091948733,
        0.10249074515635391
      ],
      [
        0.008479039066419931,
        0.9998474621468586,
        0.015269523076934959
      ],
      [
        -0.10262781387750897,
        -0.014319322484848157,
        0.9946167547464188
      ]
    ],
    "t": [
      0.24694221057102084,
      -0.17094429668202338,
      5.014755703709119
    ],
    "s": 1.0,
    "rpe": {
      "1": {
        "count": 584.0,
        "rmse": 3.2416760410148813,
        "mean": 2.066185172471423,
        "pstd": 2.4978675681366993,
        "mean_dt": 1.0
      },
      "10": {
        "count": 575.0,
        "rmse": 2.7430794246071106,
        "mean": 1.8418710458277885,
        "pstd": 2.0327311136114696,
        "mean_dt": 10.0
      },
      "50": {
        "count": 535.0,
        "rmse": 4.90843592964638,
        "mean": 4.167973480454326,
        "pstd": 2.5924390719307118,
        "mean_dt": 50.0
      }
    }
  },
  "c": {
    "matches": 223,
    "rmse": 0.6815315550882378,
    "R": [
      [
        0.9996653650104144,
        0.005178122503209577,
        -0.02534452694244839
      ],
      [
        -0.005255407178245084,
        0.9999817389334122,
        -0.0029837049285257244
      ],
      [
        0.025328614134720893,
        0.0031159022852805963,
        0.9996743231967913
      ]
    ],
    "t": [
      -0.42650567212283264,
      0.6011840321220845,
      -1.1730397197227196
    ],
    "s": 1.0,
    "rpe": {
      "1": {
        "count": 222.0,
        "rmse": 0.5467608093834606,
        "mean": 0.17784433993376594,
        "pstd": 0.5170287936190593,
        "mean_dt": 1.0
      },
      "10": {
        "count": 213.0,
        "rmse": 0.7276007348584553,
        "mean": 0.5177069445434966,
        "pstd": 0.5112556590767496,
        "mean_dt": 10.0
      },
      "50": {
        "count": 173.0,
        "rmse": 1.1311503132893366,
        "mean": 0.9624904656107004,
        "pstd": 0.5942332327151185,
        "mean_dt": 50.0
      }
    }
  }
}