{
  "a": {
    "matches": 546,
    "rmse": 75.21757219735818,
    "R": [
      [
        1.0000000000000004,
        7.871307772244762e-16,
        -5.551115123125783e-17
      ],
      [
        -7.128629284092192e-16,
        1.0000000000000004,
        -2.0122792321330962e-16
      ],
      [
        5.898059818321144e-17,
        2.42861286636753e-16,
        0.9999999999999999
      ]
    ],
    "t": [
      -1.4210854715202004e-14,
      5.684341886080802e-14,
      2.1316282072803006e-14
    ],
    "s": 1.0,
    "rpe": {
      "1": {
        "count": 545.0,
        "rmse": 18.51871336965728,
        "mean": 3.7114577356563374,
        "pstd": 18.142982840314875,
        "mean_dt": 1.0
      },
      "10": {
        "count": 536.0,
        "rmse": 52.8253350511529,
        "mean": 27.05678243642608,
        "pstd": 45.370106319629315,
        "mean_dt": 10.0
      },
      "50": {
        "count": 496.0,
        "rmse": 107.7811305287445,
        "mean": 71.9454302367238,
        "pstd": 80.25351809177565,
        "mean_dt": 50.0
      }
    }
  },
  "b": {
    "matches": 427,
    "rmse": 102.39125867352455,
    "R": [
      [
        0.9649352725111028,
        0.08248514866415313,
        -0.24919093104239606
      ],
      [
        -0.026373776050122345,
        0.9750050633760287,
        0.22061176380230735
      ],
      [
        0.2611596136480171,
        -0.20630396661470077,
        0.9429922213667821
      ]
    ],
    "t": [
      -16.238544184742317,
      38.37987862729943,
      -3.651948558387957
    ],
    "s": 1.0,
    "rpe": {
      "1": {
        "count": 426.0,
        "rmse": 52.67736749363408,
        "mean": 12.909837442099061,
        "pstd": 51.07094225954671,
        "mean_dt": 1.0
      },
      "10": {
        "count": 417.0,
        "rmse": 88.2285384002153,
        "mean": 32.98552373292167,
        "pstd": 81.83049683524548,
        "mean_dt": 10.0
      },
      "50": {
        "count": 377.0,
        "rmse": 118.56524508068959,
        "mean": 71.20314130783719,
        "pstd": 94.8041666222543,
        "mean_dt": 50.0
      }
    }
  },
  "c": {
    "matches": 508,
    "rmse": 3.5241373177268946,
    "R": [
      [
        0.9894396884616915,
        0.14464646538414325,
        -0.00930069614084623
      ],
      [
        -0.14494374933623205,
        0.9871066321084347,
        -0.06791028181282799
      ],
      [
        -0.0006422033836119678,
        0.06854120585032146,
        0.9976480795728511
      ]
    ],
    "t": [
      17.131064942243256,
      38.13113794089694,
      -10.890368006849961
    ],
    "s": 1.0,
    "rpe": {
      "1": {
        "count": 507.0,
        "rmse": 4.470094631976439,
        "mean": 0.650103203447695,
        "pstd": 4.422568466817851,
        "mean_dt": 1.0
      },
      "10": {
        "count": 498.0,
        "rmse": 4.643537775803844,
        "mean": 1.1932161663981957,
        "pstd": 4.487613871041417,
        "mean_dt": 10.0
      },
      "50": {
        "count": 458.0,
        "rmse": 5.017406775120199,
        "mean": 2.0768401470353086,
        "pstd": 4.567395948533961,
        "mean_dt": 50.0
      }
    }
  },
  "d": {
    "matches": 541,
    "rmse": 3.1670454617612047,
    "R": [
      [
        0.9893181246223961,
        0.14476734191261317,
        -0.01708990957206128
      ],
      [
        -0.1446098086029844,
        0.9894369449569076,
        0.010125967121717941
      ],
      [
        0.018375297261075736,
        -0.007546434250587944,
        0.9998026804228265
      ]
    ],
    "t": [
      17.934924629042335,
      33.02542131002786,
      -13.765450782441796
    ],
    "s": 1.0,
    "rpe": {
      "1": {
        "count": 540.0,
        "rmse": 2.2590516078646177,
        "mean": 1.1455245365728604,
        "pstd": 1.94707157113067,
        "mean_dt": 1.0
      },
      "10": {
        "count": 531.0,
        "rmse": 2.7262038426393183,
        "mean": 1.920771227946076,
        "pstd": 1.9346382818283885,
        "mean_dt": 10.0
      },
      "50": {
        "count": 491.0,
        "rmse": 4.674253800535059,
        "mean": 3.8845265236137516,
        "pstd": 2.599827355644544,
        "mean_dt": 50.0
      }
    }
  }
}