{
  "a": {
    "matches": 1227,
    "rmse": 2.958233847505171,
    "R": [
      [
        1.0000000000000004,
        5.610339666797803e-16,
        -2.168404344971009e-18
      ],
      [
        -4.94585926033575e-16,
        1.0000000000000007,
        0.0
      ],
      [
        8.023096076392733e-18,
        2.7755575615628914e-17,
        1.0
      ]
    ],
    "t": [
      -5.684341886080802e-14,
      7.105427357601002e-14,
      -1.4210854715202004e-14
    ],
    "s": 1.0,
    "rpe": {
      "1": {
        "count": 1226.0,
        "rmse": 0.16379560914179245,
        "mean": 0.1153281981548578,
        "pstd": 0.11631168593260391,
        "mean_dt": 1.0
      },
      "10": {
        "count": 1217.0,
        "rmse": 0.9397338254636101,
        "mean": 0.8030223973408948,
        "pstd": 0.48811340085000043,
        "mean_dt": 10.0
      },
      "50": {
        "count": 1177.0,
        "rmse": 3.1038118676207196,
        "mean": 2.6875438530807854,
        "pstd": 1.5526609891894956,
        "mean_dt": 50.0
      }
    }
  },
  "b": {
    "matches": 182,
    "rmse": 3.6580042599285467,
    "R": [
      [
        0.9996538978111971,
        -0.02514681959394495,
        -0.007728004606066428
      ],
      [
        0.02534800752251794,
        0.9993101233899286,
        0.02714324603000487
      ],
      [
        0.007040106925335576,
        -0.02732974121203123,
        0.999601681741164
      ]
    ],
    "t": [
      0.8510523101710348,
      -2.1191849271030914,
      -0.5362057651966028
    ],
    "s": 1.0,
    "rpe": {
      "1": {
        "count": 181.0,
        "rmse": 2.226414121119598,
        "mean": 0.8051237340802845,
        "pstd": 2.075739774524102,
        "mean_dt": 1.0
      },
      "10": {
        "count": 172.0,
        "rmse": 4.372530608438477,
        "mean": 2.869559626494551,
        "pstd": 3.2991895174002677,
        "mean_dt": 10.0
      },
      "50": {
        "count": 132.0,
        "rmse": 4.918752245431284,
        "mean": 3.861917822109658,
        "pstd": 3.0462623634885895,
        "mean_dt": 50.0
      }
    }
  },
  "c": {
    "matches": 700,
    "rmse": 1.7662478586203951,
    "R": [
      [
        0.9999110234957522,
        -0.01332491945834182,
        -0.0006257899854862307
      ],
      [
        0.013333176059569924,
        0.9997850973713465,
        0.01587405084819391
      ],
      [
        0.0004141350525435567,
        -0.015880982198694042,
        0.9998738034855015
      ]
    ],
    "t": [
      0.4687721913670657,
      -1.7307014152130336,
      0.24487666743948022
    ],
    "s": 1.0,
    "rpe": {
      "1": {
        "count": 699.0,
        "rmse": 0.9167956568866527,
        "mean": 0.4509994878082816,
        "pstd": 0.7981940481379806,
        "mean_dt": 1.0
      },
      "10": {
        "count": 690.0,
        "rmse": 1.1844337323346483,
        "mean": 0.9124492044832775,
        "pstd": 0.7551951506266568,
        "mean_dt": 10.0
      },
      "50": {
        "count": 650.0,
        "rmse": 2.1643187519665172,
        "mean": 1.9792844476641682,
        "pstd": 0.8756190583516612,
        "mean_dt": 50.0
      }
    }
  },
  "d": {
    "matches": 992,
    "rmse": 6.254476942541342,
    "R": [
      [
        0.9943815945503061,
        0.10529014379012261,
        -0.010919250901355506
      ],
      [
        -0.1052697118536508,
        0.9944407364086808,
        0.0024309539711543857
      ],
      [
        0.01111450340054514,
        -0.0012678294900715162,
        0.99993742825366
      ]
    ],
    "t": [
      -4.71022779261159,
      13.669833211786525,
      -1.934506716735311
    ],
    "s": 1.0,
    "rpe": {
      "1": {
        "count": 991.0,
        "rmse": 3.233093188356941,
        "mean": 0.6465668773239395,
        "pstd": 3.1677820060331836,
        "mean_dt": 1.0
      },
      "10": {
        "count": 982.0,
        "rmse": 5.49511026010189,
        "mean": 1.9909391736027764,
        "pstd": 5.121757313431687,
        "mean_dt": 10.0
      },
      "50": {
        "count": 942.0,
        "rmse": 7.552667346201244,
        "mean": 4.9359924105236,
        "pstd": 5.7165341742727325,
        "mean_dt": 50.0
      }
    }
  },
  "e": {
    "matches": 533,
    "rmse": 5.224859254858866,
    "R": [
      [
        0.9988073599746712,
        -0.048799750783930104,
        0.0015626848223707253
      ],
      [
        0.048720505862801876,
        0.9982544204528871,
        0.03338299499358797
      ],
      [
        -0.0031890388678144956,
        -0.03326704630254326,
        0.9994414108197659
      ]
    ],
    "t": [
      2.8645141349368544,
      -3.3066470216050483,
      1.2752931375467984
    ],
    "s": 1.0,
    "rpe": {
      "1": {
        "count": 532.0,
        "rmse": 1.1140176602958691,
        "mean": 0.3584009283604565,
        "pstd": 1.0547910323857732,
        "mean_dt": 1.0
      },
      "10": {
        "count": 523.0,
        "rmse": 1.8287178872509797,
        "mean": 1.3658866509792493,
        "pstd": 1.2159616637988135,
        "mean_dt": 10.0
      },
      "50": {
        "count": 483.0,
        "rmse": 4.947707112033008,
        "mean": 4.404433604357346,
        "pstd": 2.254056408182764,
        "mean_dt": 50.0
      }
    }
  }
}