{
  "d": {
    "matches": 1914,
    "rmse": 11.848686215256285,
    "R": [
      [
        0.9959886883044238,
        -0.01434353452512678,
        0.08832211380486477
      ],
      [
        0.011831299455364402,
        0.9995122245043616,
        0.028902135207261745
      ],
      [
        -0.08869359121622306,
        -0.027741234357321756,
        0.9956725720805519
      ]
    ],
    "t": [
      -0.06271261055925947,
      -2.9836992574190546,
      0.1557953520371549
    ],
    "s": 1.0,
    "rpe": {
      "1": {
        "count": 1913.0,
        "rmse": 3.406317844691506,
        "mean": 0.5218223257300952,
        "pstd": 3.3661109190627436,
        "mean_dt": 1.0
      },
      "10": {
        "count": 1904.0,
        "rmse": 5.629377890068138,
        "mean": 2.282043313451134,
        "pstd": 5.14608334024246,
        "mean_dt": 10.0
      },
      "50": {
        "count": 1864.0,
        "rmse": 11.262571098067264,
        "mean": 7.100283951416618,
        "pstd": 8.742509682481096,
        "mean_dt": 50.0
      }
    }
  },
  "b": {
    "matches": 648,
    "rmse": 2.6776633869466724,
    "R": [
      [
        0.9957932064275432,
        0.015258199350369624,
        0.09034975033356972
      ],
      [
        -0.012952811558425252,
        0.9995767766027182,
        -0.026047885696411862
      ],
      [
        -0.09070895603790137,
        0.024768024327866518,
        0.9955694000246335
      ]
    ],
    "t": [
      -2.449176312800674,
      3.962916447846446,
      -1.1610341407688454
    ],
    "s": 1.0,
    "rpe": {
      "1": {
        "count": 647.0,
        "rmse": 1.8427989307231454,
        "mean": 1.1122516766621047,
        "pstd": 1.4692869382243574,
        "mean_dt": 1.0
      },
      "10": {
        "count": 638.0,
        "rmse": 2.23040161996135,
        "mean": 1.7225274337193044,
        "pstd": 1.4168947125353393,
        "mean_dt": 10.0
      },
      "50": {
        "count": 598.0,
        "rmse": 3.309935387148797,
        "mean": 3.008955263602472,
        "pstd": 1.3790795802776679,
        "mean_dt": 50.0
      }
    }
  },
  "c": {
    "matches": 1765,
    "rmse": 3.0377925004369355,
    "R": [
      [
        0.9953583705393491,
        0.016538201817170962,
        0.09480612890476112
      ],
      [
        -0.014263150813574241,
        0.9995950152129875,
        -0.024624542436694718
      ],
      [
        -0.09517497951731269,
        0.023158010320445774,
        0.9951911524083589
      ]
    ],
    "t": [
      -2.4595630670958,
      2.76946499244319,
      -0.6595384607813348
    ],
    "s": 1.0,
    "rpe": {
      "1": {
        "count": 1764.0,
        "rmse": 2.890694215292226,
        "mean": 1.729896013837863,
        "pstd": 2.315938865262168,
        "mean_dt": 1.0
      },
      "10": {
        "count": 1755.0,
        "rmse": 2.9538069217562835,
        "mean": 2.08761216635766,
        "pstd": 2.0897011207086096,
        "mean_dt": 10.0
      },
      "50": {
        "count": 1715.0,
        "rmse": 3.546293669639155,
        "mean": 3.1382370780537516,
        "pstd": 1.6515649648897837,
        "mean_dt": 50.0
      }
    }
  },
  "a": {
    "matches": 67,
    "rmse": 2.856887515704839,
    "R": [
      [
        0.995835914793067,
        0.022005721690825077,
        0.08846795476964009
      ],
      [
        -0.01962978357207764,
        0.9994252557271908,
        -0.02763747114976169
      ],
      [
        -0.08902529081766886,
        0.025785779559797484,
        0.9956955313585186
      ]
    ],
    "t": [
      -1.9708526974290521,
      4.988010572836956,
      -1.147488070215247
    ],
    "s": 1.0,
    "rpe": {
      "1": {
        "count": 66.0,
        "rmse": 2.8859866100123073,
        "mean": 1.8946845717987264,
        "pstd": 2.176944897455653,
        "mean_dt": 1.0
      },
      "10": {
        "count": 57.0,
        "rmse": 3.4008276149309085,
        "mean": 2.9592608882684255,
        "pstd": 1.6758291862959713,
        "mean_dt": 10.0
      },
      "50": {
        "count": 17.0,
        "rmse": 4.1585555729748975,
        "mean": 3.972660089762018,
        "pstd": 1.22945364480838,
        "mean_dt": 50.0
      }
    }
  }
}