{
  "a": {
    "matches": 1177,
    "rmse": 3.771339602141959,
    "R": [
      [
        1.0000000000000004,
        -3.4242492738881247e-16,
        2.233456475320139e-17
      ],
      [
        3.2505058757473226e-16,
        1.0000000000000004,
        -2.0816681711721685e-17
      ],
      [
        -2.5587171270657905e-17,
        4.163336342344337e-17,
        1.0000000000000002
      ]
    ],
    "t": [
      -1.2789769243681803e-13,
      -2.1316282072803006e-14,
      -2.6645352591003757e-15
    ],
    "s": 1.0,
    "rpe": {
      "1": {
        "count": 1176.0,
        "rmse": 0.6157936380590938,
        "mean": 0.1329318311944389,
        "pstd": 0.6012744239773943,
        "mean_dt": 1.0
      },
      "10": {
        "count": 1167.0,
        "rmse": 2.030988619587488,
        "mean": 1.0359925886491388,
        "pstd": 1.7468927068248763,
        "mean_dt": 10.0
      },
      "50": {
        "count": 1127.0,
        "rmse": 4.575670928977907,
        "mean": 3.5898145634266863,
        "pstd": 2.8372514605694006,
        "mean_dt": 50.0
      }
    }
  },
  "b": {
    "matches": 613,
    "rmse": 5.29098029646349,
    "R": [
      [
        0.9995145689385864,
        -0.030748450345623655,
        0.005015902795584348
      ],
      [
        0.030542853513286127,
        0.998851860461456,
        0.03690657057968813
      ],
      [
        -0.006144963692160053,
        -0.0367354549996361,
        0.9993061321573042
      ]
    ],
    "t": [
      3.9462385284004995,
      -8.817928145925556,
      -6.560678401271064
    ],
    "s": 1.0,
    "rpe": {
      "1": {
        "count": 612.0,
        "rmse": 0.21914498003100655,
        "mean": 0.15304110732465073,
        "pstd": 0.15685324906304937,
        "mean_dt": 1.0
      },
      "10": {
        "count": 603.0,
        "rmse": 1.3906046827129668,
        "mean": 1.1509911765523289,
        "pstd": 0.7803849659507267,
        "mean_dt": 10.0
      },
      "50": {
        "count": 563.0,
        "rmse": 5.1389062191713055,
        "mean": 4.2298019920004135,
        "pstd": 2.9184126229693517,
        "mean_dt": 50.0
      }
    }
  },
  "c": {
    "matches": 1013,
    "rmse": 3.3784653039122965,
    "R": [
      [
        0.9999696931074828,
        0.00029899884928126725,
        0.007779682912113122
      ],
      [
        -0.0002475931087670256,
        0.9999781374986164,
        -0.006607815255396068
      ],
      [
        -0.007781488557942308,
        0.006605688797171876,
        0.9999479052987398
      ]
    ],
    "t": [
      0.769186003068782,
      -0.3576480558683599,
      0.4704871128075605
    ],
    "s": 1.0,
    "rpe": {
      "1": {
        "count": 1012.0,
        "rmse": 1.1882104007582122,
        "mean": 0.4124629617370793,
        "pstd": 1.1143241277406983,
        "mean_dt": 1.0
      },
      "10": {
        "count": 1003.0,
        "rmse": 1.3894618666335747,
        "mean": 1.0038245607710319,
        "pstd": 0.9606979390118947,
        "mean_dt": 10.0
      },
      "50": {
        "count": 963.0,
        "rmse": 3.0560836535778364,
        "mean": 2.666194559761714,
        "pstd": 1.4936712714525533,
        "mean_dt": 50.0
      }
    }
  }
}