{
  "loop_closure_correction": {
    "count": 441,
    "min": 0.09705310000572354,
    "max": 7.446545531012816,
    "mean": 2.3061598143472346,
    "median": 1.8743364699766971,
    "p90": 4.754038752987981,
    "p95": 5.645047380996402,
    "p99": 7.307450925605375,
    "stdev": 1.6570837761799613
  },
  "interface_correction": {
    "count": 4,
    "min": 1.754495542991208,
    "max": 10.284486962016672,
    "mean": 5.452694233252259,
    "median": 4.885897214000579,
    "p90": 9.47813500521006,
    "p95": 9.881310983613366,
    "p99": 10.20385176633601,
    "stdev": 3.6180706945258114
  },
  "loop_closure_correction_stabilised": {
    "count": 0
  },
  "loop_closure_correction_stabilised_params": {
    "epsilon": 0.001,
    "required": 5
  },
  "interface_correction_stabilised": {
    "count": 0
  },
  "interface_correction_stabilised_params": {
    "epsilon": 0.001,
    "required": 5
  },
  "time_to_global_convergence_s": 123.79576849937439,
  "time_to_global_convergence_method": "last_map_broadcast",
  "timeline_start_ts": 1762703141.636926,
  "timeline_end_ts": 1762703265.4326944,
  "delivery_topics": {
    "/cosmo/factor_batch/a": {
      "attempts": 2293.0,
      "drops": 0.0,
      "delivered": 2293.0,
      "delivery_rate": 1.0
    },
    "/cosmo/factor_batch/b": {
      "attempts": 928.0,
      "drops": 0.0,
      "delivered": 928.0,
      "delivery_rate": 1.0
    },
    "/cosmo/factor_batch/c": {
      "attempts": 1872.0,
      "drops": 0.0,
      "delivered": 1872.0,
      "delivery_rate": 1.0
    },
    "/cosmo/factor_batch/d": {
      "attempts": 862.0,
      "drops": 0.0,
      "delivered": 862.0,
      "delivery_rate": 1.0
    }
  },
  "delivery_rate": {
    "count": 4,
    "min": 1.0,
    "max": 1.0,
    "mean": 1.0,
    "median": 1.0,
    "p90": 1.0,
    "p95": 1.0,
    "p99": 1.0,
    "stdev": 0.0
  }
}