{
  "spec": {},
  "stats": {
    "seed": 42,
    "random_loss_p": 0.0,
    "burst_period_s": 0.0,
    "burst_duration_s": 0.0,
    "bw_caps_mbps": {},
    "drops": {
      "random": 0,
      "burst": 0,
      "blackout": 0
    },
    "throttle_seconds": {},
    "staleness_wall_s": {
      "a": {
        "count": 2293,
        "sum": 0.0284273624420166,
        "max": 8.678436279296875e-05,
        "mean": 1.2397454183173398e-05
      },
      "b": {
        "count": 928,
        "sum": 0.012293815612792969,
        "max": 3.5762786865234375e-05,
        "mean": 1.3247646134475182e-05
      },
      "c": {
        "count": 1872,
        "sum": 0.02267289161682129,
        "max": 0.00020051002502441406,
        "mean": 1.2111587402148125e-05
      },
      "d": {
        "count": 862,
        "sum": 0.010649919509887695,
        "max": 4.982948303222656e-05,
        "mean": 1.2354895023071572e-05
      }
    },
    "topics": {
      "/cosmo/factor_batch/a": {
        "attempts": 2293,
        "drops": 0,
        "delivered": 2293,
        "delivery_rate": 1.0
      },
      "/cosmo/factor_batch/b": {
        "attempts": 928,
        "drops": 0,
        "delivered": 928,
        "delivery_rate": 1.0
      },
      "/cosmo/factor_batch/c": {
        "attempts": 1872,
        "drops": 0,
        "delivered": 1872,
        "delivery_rate": 1.0
      },
      "/cosmo/factor_batch/d": {
        "attempts": 862,
        "drops": 0,
        "delivered": 862,
        "delivery_rate": 1.0
      }
    }
  }
}