{
  "a": {
    "matches": 1341,
    "rmse": 2.766202637534588,
    "R": [
      [
        0.9999999999999997,
        1.880277617632986e-16,
        -1.474514954580286e-17
      ],
      [
        -2.0140410606633852e-16,
        0.9999999999999999,
        -1.3877787807814457e-17
      ],
      [
        1.5612511283791264e-17,
        6.938893903907228e-18,
        1.0
      ]
    ],
    "t": [
      -1.8474111129762605e-13,
      1.4921397450962104e-13,
      -1.1546319456101628e-14
    ],
    "s": 1.0,
    "rpe": {
      "1": {
        "count": 1340.0,
        "rmse": 0.31547549783581436,
        "mean": 0.11478088814669822,
        "pstd": 0.2938539389748078,
        "mean_dt": 1.0
      },
      "10": {
        "count": 1331.0,
        "rmse": 1.0472269199750708,
        "mean": 0.7879390684802388,
        "pstd": 0.6898088476403922,
        "mean_dt": 10.0
      },
      "50": {
        "count": 1291.0,
        "rmse": 2.9345454741923147,
        "mean": 2.5622324335274587,
        "pstd": 1.4305670542419768,
        "mean_dt": 50.0
      }
    }
  },
  "b": {
    "matches": 620,
    "rmse": 4.566978557304784,
    "R": [
      [
        0.9999644532554934,
        0.006088227764336018,
        0.005833155932347129
      ],
      [
        -0.006193690063835353,
        0.9998145327151731,
        0.018235634755397447
      ],
      [
        -0.005721051374936295,
        -0.018271115297886865,
        0.9998167011592355
      ]
    ],
    "t": [
      2.5485390652462456,
      -1.7571726018436067,
      -3.2017180774561647
    ],
    "s": 1.0,
    "rpe": {
      "1": {
        "count": 619.0,
        "rmse": 0.7794508505110951,
        "mean": 0.24593978461395133,
        "pstd": 0.7396331865908349,
        "mean_dt": 1.0
      },
      "10": {
        "count": 610.0,
        "rmse": 1.5497723256162252,
        "mean": 1.1915704022142155,
        "pstd": 0.9909360412322169,
        "mean_dt": 10.0
      },
      "50": {
        "count": 570.0,
        "rmse": 4.782001402716568,
        "mean": 3.9755605728157826,
        "pstd": 2.6575280896833204,
        "mean_dt": 50.0
      }
    }
  },
  "c": {
    "matches": 1064,
    "rmse": 3.579650157320828,
    "R": [
      [
        0.9999212656218159,
        0.0122731600563711,
        0.0026138285129746926
      ],
      [
        -0.012282533037147696,
        0.9999180842623416,
        0.003600575970363777
      ],
      [
        -0.0025694239541045574,
        -0.003632396916317733,
        0.9999901018276061
      ]
    ],
    "t": [
      -1.4410455213286752,
      1.960039128412781,
      0.9814369944305086
    ],
    "s": 1.0,
    "rpe": {
      "1": {
        "count": 1063.0,
        "rmse": 1.0018367295459136,
        "mean": 0.268491529171276,
        "pstd": 0.9651886506950451,
        "mean_dt": 1.0
      },
      "10": {
        "count": 1054.0,
        "rmse": 2.6256456778712325,
        "mean": 1.1496898363792951,
        "pstd": 2.3605568211441197,
        "mean_dt": 10.0
      },
      "50": {
        "count": 1014.0,
        "rmse": 4.160434034799224,
        "mean": 2.8958867416897145,
        "pstd": 2.9871476925692004,
        "mean_dt": 50.0
      }
    }
  },
  "d": {
    "matches": 529,
    "rmse": 4.337735997509992,
    "R": [
      [
        0.9987084028352168,
        -0.04964925945101262,
        0.010792457657853497
      ],
      [
        0.049496903110867047,
        0.9986768051200591,
        0.013953332850092353
      ],
      [
        -0.01147094977601922,
        -0.01340111753392497,
        0.999844401574604
      ]
    ],
    "t": [
      1.946020534623841,
      -6.801122320619644,
      3.0220834445060176
    ],
    "s": 1.0,
    "rpe": {
      "1": {
        "count": 528.0,
        "rmse": 0.8469014479745158,
        "mean": 0.22259890939156274,
        "pstd": 0.8171240959113972,
        "mean_dt": 1.0
      },
      "10": {
        "count": 519.0,
        "rmse": 1.2466624461855003,
        "mean": 0.9514629531970441,
        "pstd": 0.805534296863128,
        "mean_dt": 10.0
      },
      "50": {
        "count": 479.0,
        "rmse": 3.915436233329666,
        "mean": 3.403104952541651,
        "pstd": 1.9363671085972503,
        "mean_dt": 50.0
      }
    }
  }
}