{
  "a": {
    "matches": 329,
    "rmse": 0.5899562767877028,
    "R": [
      [
        0.999918487295159,
        -0.011936477722746607,
        -0.004532026581482912
      ],
      [
        0.011904052990927862,
        0.9999038277972596,
        -0.007115383248820533
      ],
      [
        0.004616523340142044,
        0.007060853770103678,
        0.9999644153950116
      ]
    ],
    "t": [
      5.4959953892327285,
      0.7790381364917494,
      -2.834537488532968
    ],
    "s": 1.0,
    "rpe": {
      "1": {
        "count": 328.0,
        "rmse": 0.10813021789546821,
        "mean": 0.08283593470850281,
        "pstd": 0.06950073339965623,
        "mean_dt": 1.0
      },
      "10": {
        "count": 319.0,
        "rmse": 0.43612461130098845,
        "mean": 0.3886905329513028,
        "pstd": 0.19779875170604713,
        "mean_dt": 10.0
      },
      "50": {
        "count": 279.0,
        "rmse": 0.921305236840015,
        "mean": 0.8799810559548031,
        "pstd": 0.2728308644371188,
        "mean_dt": 50.0
      }
    }
  },
  "b": {
    "matches": 531,
    "rmse": 4.195339064366511,
    "R": [
      [
        0.9935072684586647,
        -0.005668228989484331,
        0.11362736774178193
      ],
      [
        0.004124252173879116,
        0.9998960137523428,
        0.013818546456903072
      ],
      [
        -0.11369387874379881,
        -0.013260198426045713,
        0.993427334571529
      ]
    ],
    "t": [
      1.209184965508335,
      -0.7591517043152862,
      4.444445757064418
    ],
    "s": 1.0,
    "rpe": {
      "1": {
        "count": 530.0,
        "rmse": 1.3658379819981774,
        "mean": 0.4854917110214609,
        "pstd": 1.276640588262142,
        "mean_dt": 1.0
      },
      "10": {
        "count": 521.0,
        "rmse": 2.28984439349809,
        "mean": 1.5439547331986596,
        "pstd": 1.6910325627462321,
        "mean_dt": 10.0
      },
      "50": {
        "count": 481.0,
        "rmse": 5.075223131394324,
        "mean": 4.479136142132021,
        "pstd": 2.3864679452460074,
        "mean_dt": 50.0
      }
    }
  },
  "c": {
    "matches": 165,
    "rmse": 0.481938090164715,
    "R": [
      [
        0.999656643611947,
        0.005434724461361413,
        -0.02563315533686284
      ],
      [
        -0.005531689814499072,
        0.9999778052189157,
        -0.003713418553892402
      ],
      [
        0.02561240500794159,
        0.003853938192200805,
        0.999664519661531
      ]
    ],
    "t": [
      -0.20391201505885448,
      0.6158877145747468,
      -1.095825657686016
    ],
    "s": 1.0,
    "rpe": {
      "1": {
        "count": 164.0,
        "rmse": 0.24323583073377986,
        "mean": 0.12581966381224255,
        "pstd": 0.2081659951839547,
        "mean_dt": 1.0
      },
      "10": {
        "count": 155.0,
        "rmse": 0.4996475030604063,
        "mean": 0.43062388791760153,
        "pstd": 0.25339829215925574,
        "mean_dt": 10.0
      },
      "50": {
        "count": 115.0,
        "rmse": 0.8308771145016096,
        "mean": 0.7802680081739198,
        "pstd": 0.285549671375795,
        "mean_dt": 50.0
      }
    }
  }
}