{
  "a": {
    "matches": 1253,
    "rmse": 7.489942343949197,
    "R": [
      [
        1.0000000000000004,
        1.1838132470826102e-16,
        -3.5128150388530344e-17
      ],
      [
        6.146071065277203e-17,
        1.0000000000000009,
        -1.3877787807814457e-17
      ],
      [
        3.2959746043559335e-17,
        6.245004513516506e-17,
        1.0000000000000002
      ]
    ],
    "t": [
      -1.4210854715202004e-14,
      7.105427357601002e-15,
      4.440892098500626e-15
    ],
    "s": 1.0,
    "rpe": {
      "1": {
        "count": 1252.0,
        "rmse": 1.0825005168754422,
        "mean": 0.19353686882247872,
        "pstd": 1.065059082606215,
        "mean_dt": 1.0
      },
      "10": {
        "count": 1243.0,
        "rmse": 3.737175650273724,
        "mean": 1.6755139679470092,
        "pstd": 3.3405291174024043,
        "mean_dt": 10.0
      },
      "50": {
        "count": 1203.0,
        "rmse": 7.871616275241438,
        "mean": 5.805509799632532,
        "pstd": 5.315862935687545,
        "mean_dt": 50.0
      }
    }
  },
  "b": {
    "matches": 265,
    "rmse": 75.27396485185155,
    "R": [
      [
        0.01405314624445801,
        -0.7917237192147716,
        -0.6107176610458891
      ],
      [
        -0.9637479193707387,
        -0.17347923745819896,
        0.20271877584351727
      ],
      [
        -0.2664440973059909,
        0.5857290385525131,
        -0.7654600162040759
      ]
    ],
    "t": [
      88.47491457968073,
      248.94099386677624,
      -16.168722941650447
    ],
    "s": 1.0,
    "rpe": {
      "1": {
        "count": 264.0,
        "rmse": 23.89643725305571,
        "mean": 5.731259588191724,
        "pstd": 23.19897361785622,
        "mean_dt": 1.0
      },
      "10": {
        "count": 255.0,
        "rmse": 66.6712508463281,
        "mean": 37.58202618842226,
        "pstd": 55.06947427556172,
        "mean_dt": 10.0
      },
      "50": {
        "count": 215.0,
        "rmse": 112.09526930476535,
        "mean": 101.57798341369379,
        "pstd": 47.40530229958683,
        "mean_dt": 50.0
      }
    }
  },
  "c": {
    "matches": 624,
    "rmse": 4.090049779365296,
    "R": [
      [
        0.9998119482869607,
        0.014114012572971155,
        0.013298974085294405
      ],
      [
        -0.014468383959578817,
        0.9995323902775126,
        0.02693820060284787
      ],
      [
        -0.01291254925371121,
        -0.02712554949141288,
        0.9995486334523995
      ]
    ],
    "t": [
      -1.640331967660444,
      -5.8574967127152675,
      -0.2801723273084611
    ],
    "s": 1.0,
    "rpe": {
      "1": {
        "count": 623.0,
        "rmse": 0.7779764938882497,
        "mean": 0.24247742012763396,
        "pstd": 0.7392240024315373,
        "mean_dt": 1.0
      },
      "10": {
        "count": 614.0,
        "rmse": 1.4003443095046675,
        "mean": 1.0792858717233595,
        "pstd": 0.8922478311884267,
        "mean_dt": 10.0
      },
      "50": {
        "count": 574.0,
        "rmse": 4.325832405234366,
        "mean": 3.579875372445161,
        "pstd": 2.428439481629376,
        "mean_dt": 50.0
      }
    }
  },
  "d": {
    "matches": 1025,
    "rmse": 3.0176206076526886,
    "R": [
      [
        0.9989228086751402,
        0.042245414176198114,
        0.019197585516147225
      ],
      [
        -0.04254516917502173,
        0.9989745590806463,
        0.015483503786180582
      ],
      [
        -0.018523792496060256,
        -0.016283589613760134,
        0.9996958106448448
      ]
    ],
    "t": [
      -4.890763919158488,
      0.1910621393367009,
      2.883259653210729
    ],
    "s": 1.0,
    "rpe": {
      "1": {
        "count": 1024.0,
        "rmse": 0.7719544475461825,
        "mean": 0.25958968783721165,
        "pstd": 0.7269985302976284,
        "mean_dt": 1.0
      },
      "10": {
        "count": 1015.0,
        "rmse": 1.0648922984576632,
        "mean": 0.8046516470169051,
        "pstd": 0.6975179813219344,
        "mean_dt": 10.0
      },
      "50": {
        "count": 975.0,
        "rmse": 2.6866370548819796,
        "mean": 2.3368026235723955,
        "pstd": 1.3256591428908493,
        "mean_dt": 50.0
      }
    }
  },
  "e": {
    "matches": 528,
    "rmse": 5.379200078277032,
    "R": [
      [
        0.9988234804970736,
        -0.04122873203880792,
        0.025531283990095553
      ],
      [
        0.0403374316672248,
        0.9985905709322942,
        0.03449294495406875
      ],
      [
        -0.02691739984104475,
        -0.033422496908289995,
        0.9990787708114973
      ]
    ],
    "t": [
      -0.18439307395442484,
      -9.02182127191277,
      5.334403634317326
    ],
    "s": 1.0,
    "rpe": {
      "1": {
        "count": 527.0,
        "rmse": 0.6207898112628127,
        "mean": 0.19135533920515801,
        "pstd": 0.5905617020476334,
        "mean_dt": 1.0
      },
      "10": {
        "count": 518.0,
        "rmse": 1.3276687453071665,
        "mean": 1.0585693350246603,
        "pstd": 0.8013334263656753,
        "mean_dt": 10.0
      },
      "50": {
        "count": 478.0,
        "rmse": 4.533971855377365,
        "mean": 3.86125472955974,
        "pstd": 2.376470639163589,
        "mean_dt": 50.0
      }
    }
  }
}