{
  "a": {
    "matches": 659,
    "rmse": 454.5325269742752,
    "R": [
      [
        1.0,
        1.5135462327897642e-16,
        -4.5102810375396984e-17
      ],
      [
        -1.1340754724198376e-16,
        1.0000000000000002,
        -5.551115123125783e-16
      ],
      [
        5.551115123125783e-17,
        6.245004513516506e-16,
        1.0
      ]
    ],
    "t": [
      -7.105427357601002e-14,
      6.394884621840902e-14,
      -4.263256414560601e-14
    ],
    "s": 1.0,
    "rpe": {
      "1": {
        "count": 658.0,
        "rmse": 114.28528550684862,
        "mean": 6.857804768200226,
        "pstd": 114.07934518195287,
        "mean_dt": 1.0
      },
      "10": {
        "count": 649.0,
        "rmse": 364.88427593107286,
        "mean": 68.70603164786529,
        "pstd": 358.35738591097277,
        "mean_dt": 10.0
      },
      "50": {
        "count": 609.0,
        "rmse": 686.3475902294733,
        "mean": 239.36509060264248,
        "pstd": 643.2552899235219,
        "mean_dt": 50.0
      }
    }
  },
  "b": {
    "matches": 422,
    "rmse": 608.2465664986263,
    "R": [
      [
        0.9530855154430165,
        -0.24378209842041867,
        -0.1794388161531819
      ],
      [
        0.23434611252073967,
        0.9694564881896816,
        -0.07236032789689074
      ],
      [
        0.19159827712987149,
        0.026914791410411858,
        0.9811043238128141
      ]
    ],
    "t": [
      11.155050093264052,
      31.17516771629495,
      -30.848350951256236
    ],
    "s": 1.0,
    "rpe": {
      "1": {
        "count": 421.0,
        "rmse": 705.8207839062967,
        "mean": 70.98618897240029,
        "pstd": 702.2420807451472,
        "mean_dt": 1.0
      },
      "10": {
        "count": 412.0,
        "rmse": 874.21678193038,
        "mean": 113.40786527116934,
        "pstd": 866.8296475682785,
        "mean_dt": 10.0
      },
      "50": {
        "count": 372.0,
        "rmse": 751.0156780657243,
        "mean": 100.1239165017119,
        "pstd": 744.3115947268843,
        "mean_dt": 50.0
      }
    }
  },
  "c": {
    "matches": 521,
    "rmse": 4.90988428714362,
    "R": [
      [
        0.9984579306887531,
        -0.04234714503357026,
        -0.03589540294019972
      ],
      [
        0.033164223017592545,
        0.9735516627050185,
        -0.22604710649759208
      ],
      [
        0.04451847881917048,
        0.22450808304335076,
        0.973454788725099
      ]
    ],
    "t": [
      37.71236684167175,
      100.29492866149006,
      32.54079421840565
    ],
    "s": 1.0,
    "rpe": {
      "1": {
        "count": 520.0,
        "rmse": 3.103396764086471,
        "mean": 1.055081321343653,
        "pstd": 2.9185398542240453,
        "mean_dt": 1.0
      },
      "10": {
        "count": 511.0,
        "rmse": 4.000905330510648,
        "mean": 2.062233889512749,
        "pstd": 3.4284741283337143,
        "mean_dt": 10.0
      },
      "50": {
        "count": 471.0,
        "rmse": 4.965158413132968,
        "mean": 3.3670517538886275,
        "pstd": 3.649076671452739,
        "mean_dt": 50.0
      }
    }
  }
}