{
  "a": {
    "matches": 573,
    "rmse": 2.633848411594923,
    "R": [
      [
        0.9998804223753428,
        -0.006197988056046808,
        0.014167776627405124
      ],
      [
        0.0069253907174189,
        0.9986291410724846,
        -0.051883307182987844
      ],
      [
        -0.013826782486104014,
        0.051975220489097404,
        0.9985526508608304
      ]
    ],
    "t": [
      -0.7650121183420566,
      1.5180626938337056,
      -0.6199548437189932
    ],
    "s": 1.0,
    "rpe": {
      "1": {
        "count": 572.0,
        "rmse": 0.3177398574394362,
        "mean": 0.13326251902103453,
        "pstd": 0.2884436132588165,
        "mean_dt": 1.0
      },
      "10": {
        "count": 563.0,
        "rmse": 1.153729009258882,
        "mean": 0.8753621020864162,
        "pstd": 0.7515529369487768,
        "mean_dt": 10.0
      },
      "50": {
        "count": 523.0,
        "rmse": 2.910313228241418,
        "mean": 2.4819270374666185,
        "pstd": 1.5198556731378035,
        "mean_dt": 50.0
      }
    }
  },
  "b": {
    "matches": 388,
    "rmse": 1.4117399973489915,
    "R": [
      [
        0.9999468701087143,
        -0.002522443846226485,
        0.009994710442476802
      ],
      [
        0.0025248009027569887,
        0.9999967877715122,
        -0.0002232197532736624
      ],
      [
        -0.009994115277890188,
        0.00024844254758039225,
        0.9999500267193919
      ]
    ],
    "t": [
      -0.6900609908257582,
      -0.40981331065286675,
      -0.02531313894090914
    ],
    "s": 1.0,
    "rpe": {
      "1": {
        "count": 387.0,
        "rmse": 0.197379112615369,
        "mean": 0.11866321545233528,
        "pstd": 0.15772620389568492,
        "mean_dt": 1.0
      },
      "10": {
        "count": 378.0,
        "rmse": 0.6721147780771086,
        "mean": 0.5781999185310731,
        "pstd": 0.3426705839728605,
        "mean_dt": 10.0
      },
      "50": {
        "count": 338.0,
        "rmse": 1.9574980207879706,
        "mean": 1.847926530577905,
        "pstd": 0.6457290755224909,
        "mean_dt": 50.0
      }
    }
  },
  "d": {
    "matches": 587,
    "rmse": 1.5473258308919662,
    "R": [
      [
        0.9999376954622016,
        -0.0026823629181762496,
        0.010835595180481068
      ],
      [
        0.002714815037519823,
        0.9999918706111495,
        -0.0029813572286996326
      ],
      [
        -0.010827510011638349,
        0.0030105881133519197,
        0.9999368486990363
      ]
    ],
    "t": [
      -0.5705689816315829,
      -0.4004851177160964,
      -0.11466199795102483
    ],
    "s": 1.0,
    "rpe": {
      "1": {
        "count": 586.0,
        "rmse": 1.470534406735221,
        "mean": 0.842811810496502,
        "pstd": 1.2050475897157409,
        "mean_dt": 1.0
      },
      "10": {
        "count": 577.0,
        "rmse": 1.5300393603259,
        "mean": 1.0080793746987982,
        "pstd": 1.1509980097521317,
        "mean_dt": 10.0
      },
      "50": {
        "count": 537.0,
        "rmse": 2.145182701425733,
        "mean": 1.8003465360147277,
        "pstd": 1.1664309549887542,
        "mean_dt": 50.0
      }
    }
  },
  "c": {
    "matches": 488,
    "rmse": 1.6472995944396556,
    "R": [
      [
        0.9998382846628234,
        -0.0023747153436142923,
        0.017825971208877345
      ],
      [
        0.0035041138882668955,
        0.9979695985641591,
        -0.06359560934175709
      ],
      [
        -0.017638755862049202,
        0.06364778918963432,
        0.9978165328470512
      ]
    ],
    "t": [
      -0.60396635815016,
      2.5477448774886327,
      0.037249767592200556
    ],
    "s": 1.0,
    "rpe": {
      "1": {
        "count": 487.0,
        "rmse": 0.5606582095458826,
        "mean": 0.220887620657269,
        "pstd": 0.5153118346899918,
        "mean_dt": 1.0
      },
      "10": {
        "count": 478.0,
        "rmse": 1.1189586276307477,
        "mean": 0.7016487027077782,
        "pstd": 0.8716406991058748,
        "mean_dt": 10.0
      },
      "50": {
        "count": 438.0,
        "rmse": 2.0014162443443047,
        "mean": 1.547287048699365,
        "pstd": 1.2694761801831769,
        "mean_dt": 50.0
      }
    }
  }
}