{
  "a": {
    "matches": 1180,
    "rmse": 2.685393835770984,
    "R": [
      [
        1.0000000000000007,
        6.988089577483758e-16,
        -8.673617379884035e-18
      ],
      [
        -5.235747816204062e-16,
        0.9999999999999998,
        -1.249000902703301e-16
      ],
      [
        1.5395670849294163e-17,
        1.1796119636642288e-16,
        1.0
      ]
    ],
    "t": [
      2.842170943040401e-14,
      8.526512829121202e-14,
      4.440892098500626e-15
    ],
    "s": 1.0,
    "rpe": {
      "1": {
        "count": 1179.0,
        "rmse": 0.3049439645423577,
        "mean": 0.10874694874430696,
        "pstd": 0.28489458164312964,
        "mean_dt": 1.0
      },
      "10": {
        "count": 1170.0,
        "rmse": 1.0703232778826648,
        "mean": 0.7360783471918829,
        "pstd": 0.777033194897591,
        "mean_dt": 10.0
      },
      "50": {
        "count": 1130.0,
        "rmse": 3.1062798373003857,
        "mean": 2.5995663446416986,
        "pstd": 1.7003615049233192,
        "mean_dt": 50.0
      }
    }
  },
  "b": {
    "matches": 607,
    "rmse": 18.31106091939314,
    "R": [
      [
        0.9998750570100249,
        0.008730800345807354,
        -0.013177385724089018
      ],
      [
        -0.008615395430355288,
        0.9999242586685272,
        0.008789305306742191
      ],
      [
        0.013253125321160457,
        -0.008674678755906003,
        0.9998745444393028
      ]
    ],
    "t": [
      6.758122517747623,
      2.1868812266084916,
      -3.9624119491487266
    ],
    "s": 1.0,
    "rpe": {
      "1": {
        "count": 606.0,
        "rmse": 3.5310304855427246,
        "mean": 0.3025861151438229,
        "pstd": 3.5180417752997557,
        "mean_dt": 1.0
      },
      "10": {
        "count": 597.0,
        "rmse": 11.678364629389469,
        "mean": 2.712776191602137,
        "pstd": 11.358919215807974,
        "mean_dt": 10.0
      },
      "50": {
        "count": 557.0,
        "rmse": 19.500519982223704,
        "mean": 7.805271942362047,
        "pstd": 17.87031083901122,
        "mean_dt": 50.0
      }
    }
  },
  "c": {
    "matches": 925,
    "rmse": 3.077736827436518,
    "R": [
      [
        0.9999866773471066,
        -0.004167367838335923,
        0.0030460094539263042
      ],
      [
        0.004182254347756347,
        0.9999792624020194,
        -0.0048972966506097
      ],
      [
        -0.003025537450450269,
        0.0049099705919083275,
        0.9999833690176663
      ]
    ],
    "t": [
      0.769503851313246,
      0.31766448945963077,
      0.5294256882369224
    ],
    "s": 1.0,
    "rpe": {
      "1": {
        "count": 924.0,
        "rmse": 0.9166071240267955,
        "mean": 0.2832580361430293,
        "pstd": 0.8717416502479779,
        "mean_dt": 1.0
      },
      "10": {
        "count": 915.0,
        "rmse": 1.3139509085940149,
        "mean": 0.8456861815118231,
        "pstd": 1.0056251153362217,
        "mean_dt": 10.0
      },
      "50": {
        "count": 875.0,
        "rmse": 2.9177825835131097,
        "mean": 2.410526676273664,
        "pstd": 1.6440244364441405,
        "mean_dt": 50.0
      }
    }
  },
  "d": {
    "matches": 531,
    "rmse": 4.003392058745068,
    "R": [
      [
        0.9983435799305574,
        -0.05384682356583308,
        0.020263662139611182
      ],
      [
        0.053798561453918564,
        0.9985475401100725,
        0.002919747525219247
      ],
      [
        -0.02039144911297764,
        -0.0018247553239214669,
        0.9997904075710471
      ]
    ],
    "t": [
      4.05190724201492,
      -5.599729871946618,
      2.9167583379401303
    ],
    "s": 1.0,
    "rpe": {
      "1": {
        "count": 530.0,
        "rmse": 0.781606109379847,
        "mean": 0.22052164856779355,
        "pstd": 0.7498521939241387,
        "mean_dt": 1.0
      },
      "10": {
        "count": 521.0,
        "rmse": 1.178151251416943,
        "mean": 0.9357210542424168,
        "pstd": 0.715867641301637,
        "mean_dt": 10.0
      },
      "50": {
        "count": 481.0,
        "rmse": 3.5651421392033766,
        "mean": 3.2681520924432994,
        "pstd": 1.424577261289159,
        "mean_dt": 50.0
      }
    }
  }
}