{
  "loop_closure_correction": {
    "count": 2205,
    "min": 0.01604678900912404,
    "max": 29.60323374599102,
    "mean": 4.952885819790656,
    "median": 4.272912027983693,
    "p90": 9.62705140079488,
    "p95": 11.881484339019517,
    "p99": 17.71013857683633,
    "stdev": 3.8362038644340397
  },
  "interface_correction": {
    "count": 4,
    "min": 18.323594070010586,
    "max": 31.265514031023486,
    "mean": 23.88738335051312,
    "median": 22.980212650509202,
    "p90": 28.789109688121243,
    "p95": 30.02731185957236,
    "p99": 31.01787359673326,
    "stdev": 4.664771056876865
  },
  "loop_closure_correction_stabilised": {
    "count": 0
  },
  "loop_closure_correction_stabilised_params": {
    "epsilon": 0.001,
    "required": 5
  },
  "interface_correction_stabilised": {
    "count": 0
  },
  "interface_correction_stabilised_params": {
    "epsilon": 0.001,
    "required": 5
  },
  "time_to_global_convergence_s": 541.3669471740723,
  "time_to_global_convergence_method": "last_map_broadcast",
  "timeline_start_ts": 1762709578.420177,
  "timeline_end_ts": 1762710119.7871242,
  "delivery_topics": {
    "/cosmo/factor_batch/d": {
      "attempts": 3934.0,
      "drops": 0.0,
      "delivered": 3934.0,
      "delivery_rate": 1.0
    },
    "/cosmo/factor_batch/b": {
      "attempts": 2038.0,
      "drops": 0.0,
      "delivered": 2038.0,
      "delivery_rate": 1.0
    },
    "/cosmo/factor_batch/c": {
      "attempts": 2586.0,
      "drops": 0.0,
      "delivered": 2586.0,
      "delivery_rate": 1.0
    },
    "/cosmo/factor_batch/a": {
      "attempts": 138.0,
      "drops": 0.0,
      "delivered": 138.0,
      "delivery_rate": 1.0
    }
  },
  "delivery_rate": {
    "count": 4,
    "min": 1.0,
    "max": 1.0,
    "mean": 1.0,
    "median": 1.0,
    "p90": 1.0,
    "p95": 1.0,
    "p99": 1.0,
    "stdev": 0.0
  }
}