{
  "spec": {},
  "stats": {
    "seed": 42,
    "random_loss_p": 0.0,
    "burst_period_s": 0.0,
    "burst_duration_s": 0.0,
    "bw_caps_mbps": {},
    "drops": {
      "random": 0,
      "burst": 0,
      "blackout": 0
    },
    "throttle_seconds": {},
    "staleness_wall_s": {
      "d": {
        "count": 3934,
        "sum": 0.04645943641662598,
        "max": 4.57763671875e-05,
        "mean": 1.1809719475502282e-05
      },
      "b": {
        "count": 2038,
        "sum": 0.023268938064575195,
        "max": 4.291534423828125e-05,
        "mean": 1.1417535851116386e-05
      },
      "c": {
        "count": 2586,
        "sum": 0.030615568161010742,
        "max": 0.0001747608184814453,
        "mean": 1.1838966806268655e-05
      },
      "a": {
        "count": 138,
        "sum": 0.0017499923706054688,
        "max": 4.100799560546875e-05,
        "mean": 1.2681104134822238e-05
      }
    },
    "topics": {
      "/cosmo/factor_batch/d": {
        "attempts": 3934,
        "drops": 0,
        "delivered": 3934,
        "delivery_rate": 1.0
      },
      "/cosmo/factor_batch/b": {
        "attempts": 2038,
        "drops": 0,
        "delivered": 2038,
        "delivery_rate": 1.0
      },
      "/cosmo/factor_batch/c": {
        "attempts": 2586,
        "drops": 0,
        "delivered": 2586,
        "delivery_rate": 1.0
      },
      "/cosmo/factor_batch/a": {
        "attempts": 138,
        "drops": 0,
        "delivered": 138,
        "delivery_rate": 1.0
      }
    }
  }
}