{
  "loop_closure_correction": {
    "count": 709,
    "min": 0.049106313002994284,
    "max": 7.757978845009347,
    "mean": 2.1746169594353364,
    "median": 1.7080445580068044,
    "p90": 4.920244459202513,
    "p95": 6.226298229600072,
    "p99": 7.4787522119877385,
    "stdev": 1.8193490999782846
  },
  "interface_correction": {
    "count": 5,
    "min": 1.0576537720044143,
    "max": 13.440864670992596,
    "mean": 4.376980733207892,
    "median": 1.5590950930200052,
    "p90": 9.918497759796448,
    "p95": 11.67968121539452,
    "p99": 13.08862797987298,
    "stdev": 4.718492745750672
  },
  "loop_closure_correction_stabilised": {
    "count": 0
  },
  "loop_closure_correction_stabilised_params": {
    "epsilon": 0.001,
    "required": 5
  },
  "interface_correction_stabilised": {
    "count": 0
  },
  "interface_correction_stabilised_params": {
    "epsilon": 0.001,
    "required": 5
  },
  "time_to_global_convergence_s": 140.55520820617676,
  "time_to_global_convergence_method": "last_map_broadcast",
  "timeline_start_ts": 1762703456.9951432,
  "timeline_end_ts": 1762703597.5503514,
  "delivery_topics": {
    "/cosmo/factor_batch/d": {
      "attempts": 1709.0,
      "drops": 0.0,
      "delivered": 1709.0,
      "delivery_rate": 1.0
    },
    "/cosmo/factor_batch/c": {
      "attempts": 1258.0,
      "drops": 0.0,
      "delivered": 1258.0,
      "delivery_rate": 1.0
    },
    "/cosmo/factor_batch/b": {
      "attempts": 355.0,
      "drops": 0.0,
      "delivered": 355.0,
      "delivery_rate": 1.0
    },
    "/cosmo/factor_batch/e": {
      "attempts": 875.0,
      "drops": 0.0,
      "delivered": 875.0,
      "delivery_rate": 1.0
    },
    "/cosmo/factor_batch/a": {
      "attempts": 2429.0,
      "drops": 0.0,
      "delivered": 2429.0,
      "delivery_rate": 1.0
    }
  },
  "delivery_rate": {
    "count": 5,
    "min": 1.0,
    "max": 1.0,
    "mean": 1.0,
    "median": 1.0,
    "p90": 1.0,
    "p95": 1.0,
    "p99": 1.0,
    "stdev": 0.0
  }
}