{
  "a": {
    "matches": 1184,
    "rmse": 4.403632222584222,
    "R": [
      [
        1.0,
        2.248432017827595e-16,
        3.903127820947816e-17
      ],
      [
        -3.846613782707009e-16,
        0.9999999999999999,
        6.938893903907228e-18
      ],
      [
        -4.423544863740858e-17,
        2.0816681711721685e-17,
        0.9999999999999997
      ]
    ],
    "t": [
      1.8474111129762605e-13,
      1.0658141036401503e-13,
      1.5987211554602254e-14
    ],
    "s": 1.0,
    "rpe": {
      "1": {
        "count": 1183.0,
        "rmse": 0.8851010121098167,
        "mean": 0.15627288406884585,
        "pstd": 0.8711960671069555,
        "mean_dt": 1.0
      },
      "10": {
        "count": 1174.0,
        "rmse": 2.729761339848114,
        "mean": 1.193488588171932,
        "pstd": 2.455031967700775,
        "mean_dt": 10.0
      },
      "50": {
        "count": 1134.0,
        "rmse": 5.6320854245419385,
        "mean": 4.088594373301773,
        "pstd": 3.8734716056714302,
        "mean_dt": 50.0
      }
    }
  },
  "b": {
    "matches": 615,
    "rmse": 5.688370868230918,
    "R": [
      [
        0.998645781327595,
        -0.04759594154233998,
        0.02100547036596702
      ],
      [
        0.047807605240700345,
        0.9988095414635213,
        -0.009691891589386444
      ],
      [
        -0.020519169518933962,
        0.01068298788397656,
        0.9997323829166104
      ]
    ],
    "t": [
      7.44305224748895,
      -8.186500423630164,
      -1.061088190159031
    ],
    "s": 1.0,
    "rpe": {
      "1": {
        "count": 614.0,
        "rmse": 3.0515098270378087,
        "mean": 0.34727839454480824,
        "pstd": 3.031684340624977,
        "mean_dt": 1.0
      },
      "10": {
        "count": 605.0,
        "rmse": 4.519536584713923,
        "mean": 1.4735445151749544,
        "pstd": 4.272572702993523,
        "mean_dt": 10.0
      },
      "50": {
        "count": 565.0,
        "rmse": 5.794213056841261,
        "mean": 4.226805367917234,
        "pstd": 3.9632084640876277,
        "mean_dt": 50.0
      }
    }
  },
  "c": {
    "matches": 921,
    "rmse": 5.321097734928701,
    "R": [
      [
        0.9998471111285914,
        -0.013968790294493171,
        0.010517949682344537
      ],
      [
        0.013972687348226457,
        0.999902333095122,
        -0.0002971181591241434
      ],
      [
        -0.010512772045495918,
        0.00044403675551991234,
        0.999944640695313
      ]
    ],
    "t": [
      1.223339372768507,
      -0.5240866377101625,
      1.14040306804857
    ],
    "s": 1.0,
    "rpe": {
      "1": {
        "count": 920.0,
        "rmse": 1.4889257070403144,
        "mean": 0.3794425093888591,
        "pstd": 1.4397649610801713,
        "mean_dt": 1.0
      },
      "10": {
        "count": 911.0,
        "rmse": 3.747078233845067,
        "mean": 1.647666738883914,
        "pstd": 3.3653810494698986,
        "mean_dt": 10.0
      },
      "50": {
        "count": 871.0,
        "rmse": 5.921510054204716,
        "mean": 4.1700828683413365,
        "pstd": 4.204127756528536,
        "mean_dt": 50.0
      }
    }
  },
  "d": {
    "matches": 529,
    "rmse": 4.337735997509971,
    "R": [
      [
        0.9944392887303763,
        -0.1040806397104902,
        0.016053705705480537
      ],
      [
        0.10427580770126733,
        0.9944779513274769,
        -0.011838929501961104
      ],
      [
        -0.014732853005149014,
        0.013447109762296697,
        0.999801039348014
      ]
    ],
    "t": [
      6.775830946207719,
      -12.747791161041036,
      1.748066195783756
    ],
    "s": 1.0,
    "rpe": {
      "1": {
        "count": 528.0,
        "rmse": 0.8469014479745111,
        "mean": 0.2225989093915606,
        "pstd": 0.8171240959113928,
        "mean_dt": 1.0
      },
      "10": {
        "count": 519.0,
        "rmse": 1.2466624461854952,
        "mean": 0.9514629531970419,
        "pstd": 0.8055342968631237,
        "mean_dt": 10.0
      },
      "50": {
        "count": 479.0,
        "rmse": 3.9154362333296486,
        "mean": 3.40310495254164,
        "pstd": 1.9363671085972398,
        "mean_dt": 50.0
      }
    }
  }
}