{
  "a": {
    "matches": 60,
    "rmse": 6.395870282738192,
    "R": [
      [
        1.0000000000000004,
        1.8285069638968032e-16,
        1.3530843112619095e-16
      ],
      [
        -1.573177352276467e-16,
        1.0000000000000004,
        -3.191891195797325e-16
      ],
      [
        -1.474514954580286e-16,
        2.914335439641036e-16,
        0.9999999999999999
      ]
    ],
    "t": [
      -7.105427357601002e-14,
      0.0,
      -2.6645352591003757e-15
    ],
    "s": 1.0,
    "rpe": {
      "1": {
        "count": 59.0,
        "rmse": 5.930001040380856,
        "mean": 3.4803184143398043,
        "pstd": 4.801280670167627,
        "mean_dt": 1.0
      },
      "10": {
        "count": 50.0,
        "rmse": 8.953857146364628,
        "mean": 8.033938849319927,
        "pstd": 3.9531486644057447,
        "mean_dt": 10.0
      },
      "50": {
        "count": 10.0,
        "rmse": 8.8168252834728,
        "mean": 7.194059709688078,
        "pstd": 5.097245626093362,
        "mean_dt": 50.0
      }
    }
  },
  "b": {
    "matches": 787,
    "rmse": 25.32226767192324,
    "R": [
      [
        0.9956165841816539,
        -0.0294077053898692,
        -0.08878515735278211
      ],
      [
        0.034763400023851136,
        0.9976293044043872,
        0.059390883243138196
      ],
      [
        0.08682812517403178,
        -0.06221702224730001,
        0.994278592156867
      ]
    ],
    "t": [
      8.857912149957635,
      0.2710603351635825,
      0.07591574540406043
    ],
    "s": 1.0,
    "rpe": {
      "1": {
        "count": 786.0,
        "rmse": 21.002661879248606,
        "mean": 12.171868013522866,
        "pstd": 17.115999388742136,
        "mean_dt": 1.0
      },
      "10": {
        "count": 777.0,
        "rmse": 26.99994972278734,
        "mean": 19.690106243418047,
        "pstd": 18.47422531950807,
        "mean_dt": 10.0
      },
      "50": {
        "count": 737.0,
        "rmse": 35.700207759971555,
        "mean": 31.53846006039705,
        "pstd": 16.72813113063961,
        "mean_dt": 50.0
      }
    }
  },
  "c": {
    "matches": 1261,
    "rmse": 13.58817196689788,
    "R": [
      [
        0.9899372202688141,
        0.11743547646950325,
        -0.07895067316264053
      ],
      [
        -0.1135818151904375,
        0.9921845328075121,
        0.051662598807877935
      ],
      [
        0.08440065867336899,
        -0.04217536868741396,
        0.9955389329863408
      ]
    ],
    "t": [
      6.223618168911628,
      -4.571667578496944,
      -1.3353664394402474
    ],
    "s": 1.0,
    "rpe": {
      "1": {
        "count": 1260.0,
        "rmse": 17.86120961655865,
        "mean": 3.56991796932083,
        "pstd": 17.500814114176716,
        "mean_dt": 1.0
      },
      "10": {
        "count": 1251.0,
        "rmse": 18.500345433823075,
        "mean": 4.977601690707235,
        "pstd": 17.818144195719334,
        "mean_dt": 10.0
      },
      "50": {
        "count": 1211.0,
        "rmse": 19.152556830655563,
        "mean": 6.8368642468536995,
        "pstd": 17.890716039934926,
        "mean_dt": 50.0
      }
    }
  },
  "d": {
    "matches": 2236,
    "rmse": 6.021867875076152,
    "R": [
      [
        0.9905499233760751,
        0.12370936915754732,
        -0.05921858899276668
      ],
      [
        -0.12079551151116198,
        0.9913920786974492,
        0.050499412815474994
      ],
      [
        0.06495609054129778,
        -0.04286884974655495,
        0.9969668841155145
      ]
    ],
    "t": [
      6.8973700118554575,
      -6.3820636613821335,
      -0.20533475480744823
    ],
    "s": 1.0,
    "rpe": {
      "1": {
        "count": 2235.0,
        "rmse": 5.4506096927179435,
        "mean": 2.532570183106444,
        "pstd": 4.8265136786288085,
        "mean_dt": 1.0
      },
      "10": {
        "count": 2226.0,
        "rmse": 6.134228835392361,
        "mean": 2.784913186851201,
        "pstd": 5.465621826165933,
        "mean_dt": 10.0
      },
      "50": {
        "count": 2186.0,
        "rmse": 7.175155824592994,
        "mean": 4.735778220456289,
        "pstd": 5.390293661187924,
        "mean_dt": 50.0
      }
    }
  }
}