{
  "a": {
    "matches": 1357,
    "rmse": 3.031305651488224,
    "R": [
      [
        1.0,
        1.893288043702812e-17,
        1.0798653637955624e-16
      ],
      [
        -1.991543865584311e-16,
        0.9999999999999999,
        1.6653345369377348e-16
      ],
      [
        -1.1058862159352145e-16,
        -1.8041124150158794e-16,
        0.9999999999999999
      ]
    ],
    "t": [
      1.7053025658242404e-13,
      7.815970093361102e-14,
      8.881784197001252e-16
    ],
    "s": 1.0,
    "rpe": {
      "1": {
        "count": 1356.0,
        "rmse": 0.130783388066655,
        "mean": 0.11341509144206754,
        "pstd": 0.065125353184307,
        "mean_dt": 1.0
      },
      "10": {
        "count": 1347.0,
        "rmse": 0.9689096740059979,
        "mean": 0.8815319944783604,
        "pstd": 0.40210359249006206,
        "mean_dt": 10.0
      },
      "50": {
        "count": 1307.0,
        "rmse": 3.347860156061409,
        "mean": 2.9921066852459006,
        "pstd": 1.5018206313173053,
        "mean_dt": 50.0
      }
    }
  },
  "b": {
    "matches": 265,
    "rmse": 75.27396485185155,
    "R": [
      [
        -0.02168312657294607,
        -0.8144462257230048,
        -0.5798337584407909
      ],
      [
        -0.9671518826981502,
        -0.12983747405318014,
        0.21853939261587113
      ],
      [
        -0.2532727340545082,
        0.5655259284392201,
        -0.7848779181806
      ]
    ],
    "t": [
      89.76371746173606,
      244.5785784174381,
      -15.512979837827725
    ],
    "s": 1.0,
    "rpe": {
      "1": {
        "count": 264.0,
        "rmse": 23.89643725305571,
        "mean": 5.731259588191725,
        "pstd": 23.19897361785622,
        "mean_dt": 1.0
      },
      "10": {
        "count": 255.0,
        "rmse": 66.6712508463281,
        "mean": 37.58202618842226,
        "pstd": 55.06947427556172,
        "mean_dt": 10.0
      },
      "50": {
        "count": 215.0,
        "rmse": 112.09526930476534,
        "mean": 101.57798341369379,
        "pstd": 47.405302299586815,
        "mean_dt": 50.0
      }
    }
  },
  "c": {
    "matches": 624,
    "rmse": 3.968755449983033,
    "R": [
      [
        0.9997376265180525,
        -0.022697026736868364,
        0.0030859522611400357
      ],
      [
        0.022734466000330245,
        0.9996609603075628,
        -0.012692852029467391
      ],
      [
        -0.002796815998954585,
        0.01275967923844415,
        0.9999146805632967
      ]
    ],
    "t": [
      2.3323382448401873,
      -5.776522244726735,
      -2.262640848950673
    ],
    "s": 1.0,
    "rpe": {
      "1": {
        "count": 623.0,
        "rmse": 0.7401896437909198,
        "mean": 0.2347971811243852,
        "pstd": 0.7019622443631651,
        "mean_dt": 1.0
      },
      "10": {
        "count": 614.0,
        "rmse": 1.3577144313965361,
        "mean": 1.0545149299750507,
        "pstd": 0.8552115175102196,
        "mean_dt": 10.0
      },
      "50": {
        "count": 574.0,
        "rmse": 4.223464086095718,
        "mean": 3.5032744530066418,
        "pstd": 2.3589652378641253,
        "mean_dt": 50.0
      }
    }
  },
  "d": {
    "matches": 1062,
    "rmse": 3.0707695746167825,
    "R": [
      [
        0.999794710955467,
        0.008378234911061398,
        0.018448336652632662
      ],
      [
        -0.008141778178635047,
        0.9998842201976204,
        -0.012855257597065461
      ],
      [
        -0.0185539050758512,
        0.012702416288725624,
        0.9997471686515867
      ]
    ],
    "t": [
      -0.9372297529593823,
      0.5048065683132918,
      2.178284668423542
    ],
    "s": 1.0,
    "rpe": {
      "1": {
        "count": 1061.0,
        "rmse": 0.8703248031764491,
        "mean": 0.28817624267141523,
        "pstd": 0.8212306108419916,
        "mean_dt": 1.0
      },
      "10": {
        "count": 1052.0,
        "rmse": 1.1647233795601106,
        "mean": 0.8556579986097341,
        "pstd": 0.7902087953883503,
        "mean_dt": 10.0
      },
      "50": {
        "count": 1012.0,
        "rmse": 2.742520679323382,
        "mean": 2.415879772532509,
        "pstd": 1.2980541595729556,
        "mean_dt": 50.0
      }
    }
  },
  "e": {
    "matches": 528,
    "rmse": 5.379200078277038,
    "R": [
      [
        0.9968665357683454,
        -0.07714786087369677,
        0.01747333476557579
      ],
      [
        0.07723621629782702,
        0.997002942202178,
        -0.004438483096104097
      ],
      [
        -0.0170785466949742,
        0.005774149531477998,
        0.9998374780132896
      ]
    ],
    "t": [
      3.79804909324875,
      -8.813184752057454,
      3.0500425360901278
    ],
    "s": 1.0,
    "rpe": {
      "1": {
        "count": 527.0,
        "rmse": 0.6207898112628158,
        "mean": 0.19135533920515796,
        "pstd": 0.5905617020476367,
        "mean_dt": 1.0
      },
      "10": {
        "count": 518.0,
        "rmse": 1.3276687453071696,
        "mean": 1.0585693350246603,
        "pstd": 0.80133342636568,
        "mean_dt": 10.0
      },
      "50": {
        "count": 478.0,
        "rmse": 4.533971855377369,
        "mean": 3.861254729559741,
        "pstd": 2.3764706391635957,
        "mean_dt": 50.0
      }
    }
  }
}