{
  "loop_closure_correction": {
    "count": 284,
    "min": 0.058844444021815434,
    "max": 11.243045901006553,
    "mean": 2.7271670444367797,
    "median": 2.3572387669992168,
    "p90": 4.959622142006992,
    "p95": 7.687214293345407,
    "p99": 9.819177718878809,
    "stdev": 2.073527636531367
  },
  "interface_correction": {
    "count": 3,
    "min": 3.200244653999107,
    "max": 10.350330599991139,
    "mean": 6.392534207659385,
    "median": 5.6270273689879104,
    "p90": 9.405669953790493,
    "p95": 9.878000276890816,
    "p99": 10.255864535371074,
    "stdev": 2.9687744720459754
  },
  "loop_closure_correction_stabilised": {
    "count": 0
  },
  "loop_closure_correction_stabilised_params": {
    "epsilon": 0.001,
    "required": 5
  },
  "interface_correction_stabilised": {
    "count": 0
  },
  "interface_correction_stabilised_params": {
    "epsilon": 0.001,
    "required": 5
  },
  "time_to_global_convergence_s": 123.22312664985657,
  "time_to_global_convergence_method": "last_map_broadcast",
  "timeline_start_ts": 1762702846.0225592,
  "timeline_end_ts": 1762702969.2456858,
  "delivery_topics": {
    "/cosmo/factor_batch/a": {
      "attempts": 2207.0,
      "drops": 0.0,
      "delivered": 2207.0,
      "delivery_rate": 1.0
    },
    "/cosmo/factor_batch/c": {
      "attempts": 1815.0,
      "drops": 0.0,
      "delivered": 1815.0,
      "delivery_rate": 1.0
    },
    "/cosmo/factor_batch/b": {
      "attempts": 936.0,
      "drops": 0.0,
      "delivered": 936.0,
      "delivery_rate": 1.0
    }
  },
  "delivery_rate": {
    "count": 3,
    "min": 1.0,
    "max": 1.0,
    "mean": 1.0,
    "median": 1.0,
    "p90": 1.0,
    "p95": 1.0,
    "p99": 1.0,
    "stdev": 0.0
  }
}