{
  "spec": {},
  "stats": {
    "seed": 42,
    "random_loss_p": 0.0,
    "burst_period_s": 0.0,
    "burst_duration_s": 0.0,
    "bw_caps_mbps": {},
    "drops": {
      "random": 0,
      "burst": 0,
      "blackout": 0
    },
    "throttle_seconds": {},
    "staleness_wall_s": {
      "a": {
        "count": 2207,
        "sum": 0.030665159225463867,
        "max": 6.794929504394531e-05,
        "mean": 1.3894498969399125e-05
      },
      "c": {
        "count": 1815,
        "sum": 0.024660348892211914,
        "max": 5.4836273193359375e-05,
        "mean": 1.3586969086618134e-05
      },
      "b": {
        "count": 936,
        "sum": 0.01353597640991211,
        "max": 5.030632019042969e-05,
        "mean": 1.4461513258453108e-05
      }
    },
    "topics": {
      "/cosmo/factor_batch/a": {
        "attempts": 2207,
        "drops": 0,
        "delivered": 2207,
        "delivery_rate": 1.0
      },
      "/cosmo/factor_batch/c": {
        "attempts": 1815,
        "drops": 0,
        "delivered": 1815,
        "delivery_rate": 1.0
      },
      "/cosmo/factor_batch/b": {
        "attempts": 936,
        "drops": 0,
        "delivered": 936,
        "delivery_rate": 1.0
      }
    }
  }
}