{
  "a": {
    "matches": 1355,
    "rmse": 2.541623361557265,
    "R": [
      [
        1.0000000000000009,
        -2.8267861142128314e-16,
        7.806255641895632e-18
      ],
      [
        4.952771049185345e-16,
        1.0000000000000004,
        1.3877787807814457e-17
      ],
      [
        -3.0357660829594124e-18,
        4.85722573273506e-17,
        1.0
      ]
    ],
    "t": [
      -7.105427357601002e-14,
      1.2789769243681803e-13,
      -2.6645352591003757e-15
    ],
    "s": 1.0,
    "rpe": {
      "1": {
        "count": 1354.0,
        "rmse": 0.18156658446269375,
        "mean": 0.10530555538084427,
        "pstd": 0.14790931207797697,
        "mean_dt": 1.0
      },
      "10": {
        "count": 1345.0,
        "rmse": 0.7939052470042012,
        "mean": 0.6869055902146557,
        "pstd": 0.3980530760497354,
        "mean_dt": 10.0
      },
      "50": {
        "count": 1305.0,
        "rmse": 2.771936141679323,
        "mean": 2.424633824652585,
        "pstd": 1.3434213002251476,
        "mean_dt": 50.0
      }
    }
  },
  "b": {
    "matches": 607,
    "rmse": 18.264567861289027,
    "R": [
      [
        0.9999419441582454,
        0.009288744495105247,
        -0.005461459395847216
      ],
      [
        -0.009218632911556179,
        0.9998765313527708,
        0.012725519918385463
      ],
      [
        0.005578989179932964,
        -0.01267443393828318,
        0.9999041122048025
      ]
    ],
    "t": [
      6.783085212129237,
      1.5689622053580052,
      -3.12278304585548
    ],
    "s": 1.0,
    "rpe": {
      "1": {
        "count": 606.0,
        "rmse": 3.534475037253361,
        "mean": 0.29747936104479483,
        "pstd": 3.5219341019842396,
        "mean_dt": 1.0
      },
      "10": {
        "count": 597.0,
        "rmse": 11.687959884745707,
        "mean": 2.670423934674046,
        "pstd": 11.378806715844368,
        "mean_dt": 10.0
      },
      "50": {
        "count": 557.0,
        "rmse": 19.44000489821571,
        "mean": 7.6802859048262935,
        "pstd": 17.85852734305876,
        "mean_dt": 50.0
      }
    }
  },
  "c": {
    "matches": 1062,
    "rmse": 3.007032141343623,
    "R": [
      [
        0.9999942077390936,
        -0.0006209237305474745,
        0.0033464820309267
      ],
      [
        0.0006450062614259762,
        0.9999738708925169,
        -0.007200104107515634
      ],
      [
        -0.0033419238748352478,
        0.0072022209044977845,
        0.9999684792826512
      ]
    ],
    "t": [
      0.015315807088313704,
      0.13905911747811217,
      0.40783400932650515
    ],
    "s": 1.0,
    "rpe": {
      "1": {
        "count": 1061.0,
        "rmse": 0.9449919173995666,
        "mean": 0.29042727621605935,
        "pstd": 0.8992562044157545,
        "mean_dt": 1.0
      },
      "10": {
        "count": 1052.0,
        "rmse": 1.3098196278102365,
        "mean": 0.8753765721818858,
        "pstd": 0.9743425035746097,
        "mean_dt": 10.0
      },
      "50": {
        "count": 1012.0,
        "rmse": 2.797461873837718,
        "mean": 2.366947200125553,
        "pstd": 1.4910915087255514,
        "mean_dt": 50.0
      }
    }
  },
  "d": {
    "matches": 531,
    "rmse": 4.003392058745097,
    "R": [
      [
        0.9984192090121629,
        -0.05209037357699939,
        0.021111041095477085
      ],
      [
        0.052049112193995446,
        0.9986413979530311,
        0.0024996428208992165
      ],
      [
        -0.021212566920180857,
        -0.0013968804615446043,
        0.999774012329603
      ]
    ],
    "t": [
      4.090382033651736,
      -5.634054285191468,
      2.8098772256453857
    ],
    "s": 1.0,
    "rpe": {
      "1": {
        "count": 530.0,
        "rmse": 0.7816061093798515,
        "mean": 0.220521648567793,
        "pstd": 0.7498521939241432,
        "mean_dt": 1.0
      },
      "10": {
        "count": 521.0,
        "rmse": 1.178151251416947,
        "mean": 0.935721054242419,
        "pstd": 0.7158676413016399,
        "mean_dt": 10.0
      },
      "50": {
        "count": 481.0,
        "rmse": 3.5651421392033944,
        "mean": 3.2681520924433114,
        "pstd": 1.424577261289171,
        "mean_dt": 50.0
      }
    }
  }
}